rank,id,piece,count,share,is_byte_fallback
1,260,।,177716,0.03544023,0
2,261,को,121554,0.02424037,0
3,262,मा,108958,0.02172847,0
4,264,",",76878,0.01533106,0
5,263,ले,74553,0.01486740,0
6,265,का,66786,0.01331850,0
7,267,▁र,59383,0.01184219,0
8,266,▁छ,58575,0.01168106,0
9,268,न,40743,0.00812499,0
10,269,लाई,34880,0.00695579,0
11,270,र,34697,0.00691930,0
12,272,ल,34454,0.00687084,0
13,273,ी,29886,0.00595988,0
14,274,क,29692,0.00592120,0
15,276,स,25637,0.00511255,0
16,275,▁पनि,24761,0.00493785,0
17,271,▁,22882,0.00456314,0
18,280,म,22336,0.00445426,0
19,278,▁छन्,19602,0.00390904,0
20,277,▁भएको,18848,0.00375868,0
21,288,त,18532,0.00369566,0
22,279,ा,18196,0.00362866,0
23,286,ु,17912,0.00357202,0
24,281,बाट,17435,0.00347690,0
25,285,े,16787,0.00334767,0
26,282,▁हो,16241,0.00323879,0
27,283,▁लागि,16117,0.00321406,0
28,287,▁गर्न,15705,0.00313190,0
29,292,प,15294,0.00304994,0
30,284,▁गरेको,15266,0.00304435,0
31,294,ै,14408,0.00287325,0
32,289,▁भने,14251,0.00284194,0
33,293,ट,13979,0.00278770,0
34,299,ता,13474,0.00268699,0
35,291,▁गर्ने,12958,0.00258409,0
36,290,▁एक,12808,0.00255418,0
37,303,▁अ,12713,0.00253523,0
38,315,व,12254,0.00244370,0
39,296,ि,12183,0.00242954,0
40,295,▁थियो,11603,0.00231388,0
41,300,▁यो,11320,0.00225744,0
42,297,▁तथा,11290,0.00225146,0
43,301,-,11237,0.00224089,0
44,302,▁मा,11233,0.00224009,0
45,306,ँ,11159,0.00222533,0
46,305,▁न,11157,0.00222494,0
47,304,ज,11050,0.00220360,0
48,318,ना,10979,0.00218944,0
49,307,ग,10852,0.00216411,0
50,316,द,10799,0.00215354,0
51,333,ह,10498,0.00209352,0
52,319,ला,10437,0.00208135,0
53,308,▁प,10434,0.00208075,0
54,298,▁',10422,0.00207836,0
55,309,ड,10374,0.00206879,0
56,312,ो,10362,0.00206640,0
57,322,रा,10283,0.00205064,0
58,313,▁स,10216,0.00203728,0
59,341,ित,9833,0.00196090,0
60,320,य,9708,0.00193598,0
61,310,हरू,9581,0.00191065,0
62,323,▁को,9476,0.00188971,0
63,345,्य,9372,0.00186897,0
64,14,<0x0A>,9168,0.00182829,1
65,311,▁रहेको,8772,0.00174932,0
66,350,िक,8581,0.00171123,0
67,349,▁आ,8377,0.00167055,0
68,326,▁म,8365,0.00166815,0
69,314,▁हुने,8268,0.00164881,0
70,336,ब,8184,0.00163206,0
71,327,▁नै,8164,0.00162807,0
72,331,),8059,0.00160713,0
73,324,हरु,7992,0.00159377,0
74,330,.,7948,0.00158499,0
75,328,▁दिन,7915,0.00157841,0
76,325,▁थिए,7857,0.00156685,0
77,355,▁प्र,7743,0.00154411,0
78,329,▁ब,7711,0.00153773,0
79,335,▁तर,7680,0.00153155,0
80,334,सँग,7648,0.00152517,0
81,317,▁नेपाल,7545,0.00150463,0
82,332,▁गरेका,7539,0.00150343,0
83,347,री,7510,0.00149765,0
84,344,▁त,7509,0.00149745,0
85,321,▁उनले,7324,0.00146056,0
86,368,श,7258,0.00144739,0
87,340,▁(,7218,0.00143942,0
88,339,▁काम,7193,0.00143443,0
89,338,▁हजार,7011,0.00139814,0
90,378,्या,6967,0.00138936,0
91,337,्,6892,0.00137441,0
92,358,ाइ,6828,0.00136164,0
93,348,ेर,6743,0.00134469,0
94,343,▁गरिएको,6672,0.00133053,0
95,351,▁वा,6652,0.00132655,0
96,346,',6492,0.00129464,0
97,389,ौ,6381,0.00127250,0
98,379,ख,6311,0.00125854,0
99,360,▁ग,6229,0.00124219,0
100,357,्न,6218,0.00124000,0
101,383,फ,6214,0.00123920,0
102,365,र्,6182,0.00123282,0
103,352,▁क,6174,0.00123122,0
104,370,च,6131,0.00122265,0
105,353,्ने,6070,0.00121048,0
106,342,▁बताए,6059,0.00120829,0
107,396,वि,6052,0.00120689,0
108,380,▁वि,6026,0.00120171,0
109,369,ं,5923,0.00118117,0
110,356,▁गर्दै,5909,0.00117838,0
111,371,ली,5847,0.00116601,0
112,373,छ,5830,0.00116262,0
113,404,ण,5827,0.00116202,0
114,366,की,5808,0.00115823,0
115,395,▁उ,5744,0.00114547,0
116,363,न्,5742,0.00114507,0
117,359,▁गरी,5703,0.00113730,0
118,387,ू,5675,0.00113171,0
119,364,सम्म,5647,0.00112613,0
120,388,भ,5532,0.00110319,0
121,372,▁सबै,5458,0.00108844,0
122,361,▁वर्ष,5278,0.00105254,0
123,362,▁यस,5275,0.00105194,0
124,375,▁नेपाली,5255,0.00104796,0
125,367,▁लाख,5209,0.00103878,0
126,376,पछि,5200,0.00103699,0
127,374,▁भएका,5175,0.00103200,0
128,438,▁नि,5130,0.00102303,0
129,415,स्,5088,0.00101465,0
130,455,रो,5054,0.00100787,0
131,391,▁प्रदेश,5038,0.00100468,0
132,443,पा,5036,0.00100428,0
133,382,▁कारण,5001,0.00099730,0
134,377,▁हुन,4937,0.00098454,0
135,392,▁छैन,4917,0.00098055,0
136,421,▁ए,4905,0.00097816,0
137,398,▁आफ्नो,4854,0.00096799,0
138,402,कै,4843,0.00096579,0
139,384,▁दुई,4826,0.00096240,0
140,390,▁बि,4822,0.00096161,0
141,393,▁भन्ने,4812,0.00095961,0
142,444,▁का,4758,0.00094884,0
143,354,▁काठमाडौं,4742,0.00094565,0
144,452,▁द,4683,0.00093389,0
145,424,▁सु,4678,0.00093289,0
146,386,▁जना,4660,0.00092930,0
147,417,ध,4647,0.00092671,0
148,381,▁सय,4602,0.00091773,0
149,447,▁भ,4559,0.00090916,0
150,385,▁१,4535,0.00090437,0
151,429,▁२०,4531,0.00090357,0
152,448,▁सि,4530,0.00090338,0
153,405,िएको,4525,0.00090238,0
154,399,▁निर्माण,4518,0.00090098,0
155,540,ृ,4494,0.00089620,0
156,420,▁बा,4484,0.00089420,0
157,408,▁धेरै,4465,0.00089041,0
158,394,▁अध्यक्ष,4439,0.00088523,0
159,401,▁केही,4414,0.00088024,0
160,430,▁ह,4400,0.00087745,0
161,403,▁कि,4379,0.00087326,0
162,456,थ,4338,0.00086509,0
163,423,▁ज,4331,0.00086369,0
164,442,१,4307,0.00085890,0
165,568,▁श,4292,0.00085591,0
166,427,नी,4283,0.00085412,0
167,397,▁गरे,4282,0.00085392,0
168,410,वा,4270,0.00085153,0
169,407,▁हुन्,4260,0.00084953,0
170,472,▁सा,4249,0.00084734,0
171,422,▁हुन्छ,4228,0.00084315,0
172,416,▁के,4200,0.00083757,0
173,466,ौं,4198,0.00083717,0
174,437,सी,4162,0.00082999,0
175,409,▁अनुसार,4107,0.00081902,0
176,414,ेको,4105,0.00081862,0
177,493,▁इ,4093,0.00081623,0
178,432,▁समेत,4091,0.00081583,0
179,400,▁जिल्ला,4089,0.00081543,0
180,460,लि,4083,0.00081423,0
181,450,ाई,4075,0.00081264,0
182,413,▁२,4074,0.00081244,0
183,425,▁विकास,4045,0.00080666,0
184,406,▁जानकारी,4039,0.00080546,0
185,418,इ,4037,0.00080506,0
186,503,जा,4033,0.00080426,0
187,595,n,4026,0.00080287,0
188,431,देखि,4018,0.00080127,0
189,426,▁अहिले,3979,0.00079349,0
190,445,▁कुरा,3944,0.00078651,0
191,481,▁व,3929,0.00078352,0
192,453,ने,3928,0.00078332,0
193,446,▁कुनै,3928,0.00078332,0
194,439,▁मात्र,3928,0.00078332,0
195,449,या,3924,0.00078253,0
196,441,▁सो,3911,0.00077993,0
197,435,ए,3904,0.00077854,0
198,479,नि,3901,0.00077794,0
199,474,उ,3900,0.00077774,0
200,412,▁६,3874,0.00077256,0
201,419,▁भए,3849,0.00076757,0
202,434,▁प्रमुख,3827,0.00076318,0
203,545,ति,3810,0.00075979,0
204,485,२,3793,0.00075640,0
205,562,िया,3718,0.00074145,0
206,475,िङ,3718,0.00074145,0
207,428,▁प्रहरी,3713,0.00074045,0
208,538,म्,3684,0.00073467,0
209,411,▁-,3613,0.00072051,0
210,499,सा,3612,0.00072031,0
211,451,▁स्थानीय,3606,0.00071911,0
212,436,▁करोड,3589,0.00071572,0
213,510,हि,3582,0.00071432,0
214,514,अ,3562,0.00071034,0
215,550,ल्,3543,0.00070655,0
216,457,▁समय,3543,0.00070655,0
217,433,▁रुपैयाँ,3542,0.00070635,0
218,471,▁गरेर,3532,0.00070435,0
219,440,▁सरकारले,3524,0.00070276,0
220,480,▁पार्टी,3493,0.00069658,0
221,524,हा,3484,0.00069478,0
222,489,▁ख,3479,0.00069378,0
223,553,ीय,3474,0.00069279,0
224,486,▁सेवा,3463,0.00069059,0
225,459,▁घर,3459,0.00068980,0
226,566,ती,3457,0.00068940,0
227,530,▁च,3438,0.00068561,0
228,465,▁कम,3433,0.00068461,0
229,473,▁नयाँ,3432,0.00068441,0
230,463,▁आएको,3418,0.00068162,0
231,462,▁बढी,3409,0.00067982,0
232,469,७,3400,0.00067803,0
233,461,▁रहेका,3357,0.00066945,0
234,565,ष,3349,0.00066786,0
235,500,६,3348,0.00066766,0
236,587,न्त,3338,0.00066567,0
237,509,ंग,3323,0.00066267,0
238,454,▁कार्यालय,3319,0.00066188,0
239,583,प्र,3304,0.00065889,0
240,554,ष्ट,3292,0.00065649,0
241,594,सि,3279,0.00065390,0
242,468,▁सरकार,3277,0.00065350,0
243,532,▁प्रति,3267,0.00065151,0
244,477,▁आज,3260,0.00065011,0
245,478,▁५,3241,0.00064632,0
246,470,▁फ,3240,0.00064612,0
247,504,ाउन,3237,0.00064552,0
248,623,रण,3234,0.00064493,0
249,663,द्ध,3210,0.00064014,0
250,483,▁रुपमा,3209,0.00063994,0
251,458,िन,3206,0.00063934,0
252,487,▁कार्यक्रम,3196,0.00063735,0
253,528,लो,3187,0.00063555,0
254,619,कार,3183,0.00063476,0
255,703,ठ,3171,0.00063236,0
256,653,▁उप,3166,0.00063137,0
257,484,▁३,3161,0.00063037,0
258,464,ई,3159,0.00062997,0
259,539,▁कार्य,3156,0.00062937,0
260,512,५,3149,0.00062798,0
261,577,रि,3146,0.00062738,0
262,467,▁?,3136,0.00062538,0
263,476,▁प्रधानमन्त्री,3124,0.00062299,0
264,495,▁अन्य,3123,0.00062279,0
265,497,३,3119,0.00062199,0
266,606,स्त,3110,0.00062020,0
267,598,िय,3098,0.00061781,0
268,482,▁प्रतिशत,3097,0.00061761,0
269,492,▁कोरोना,3082,0.00061461,0
270,506,▁खेल,3082,0.00061461,0
271,608,पी,3079,0.00061402,0
272,491,▁१०,3073,0.00061282,0
273,502,▁ल,3067,0.00061162,0
274,496,▁भन्दै,3066,0.00061142,0
275,488,▁८,3034,0.00060504,0
276,494,मै,3014,0.00060105,0
277,518,▁आर्थिक,3004,0.00059906,0
278,516,▁विभिन्न,2993,0.00059687,0
279,511,▁पहिलो,2988,0.00059587,0
280,501,▁तीन,2971,0.00059248,0
281,536,▁रूपमा,2951,0.00058849,0
282,508,▁९,2950,0.00058829,0
283,714,त्र,2947,0.00058769,0
284,515,▁क्षेत्र,2941,0.00058650,0
285,590,टा,2927,0.00058370,0
286,541,४,2923,0.00058291,0
287,569,्दै,2922,0.00058271,0
288,667,ङ्ग,2921,0.00058251,0
289,534,▁प्रयोग,2916,0.00058151,0
290,523,०,2911,0.00058051,0
291,613,मि,2895,0.00057732,0
292,520,▁व्यवस्था,2892,0.00057672,0
293,637,ाउ,2888,0.00057593,0
294,513,▁निर्णय,2876,0.00057353,0
295,549,▁केन्द्र,2873,0.00057294,0
296,544,्दा,2862,0.00057074,0
297,535,▁गते,2859,0.00057014,0
298,505,▁थप,2856,0.00056955,0
299,519,ेका,2847,0.00056775,0
300,572,यो,2838,0.00056596,0
301,630,हरूको,2835,0.00056536,0
302,607,▁ता,2812,0.00056077,0
303,498,▁समस्या,2811,0.00056057,0
304,717,▁बे,2811,0.00056057,0
305,600,क्ष,2802,0.00055878,0
306,552,स्ट,2794,0.00055718,0
307,507,▁उनको,2793,0.00055698,0
308,521,▁सदस्य,2791,0.00055658,0
309,529,▁सुरु,2790,0.00055638,0
310,573,▁मन,2789,0.00055618,0
311,622,▁सं,2787,0.00055579,0
312,548,▁गर्दा,2785,0.00055539,0
313,547,▁राष्ट्रिय,2772,0.00055279,0
314,490,▁दिए,2772,0.00055279,0
315,543,भन्दा,2771,0.00055259,0
316,558,डा,2763,0.00055100,0
317,570,जी,2756,0.00054960,0
318,533,▁स्वास्थ्य,2753,0.00054900,0
319,588,दा,2751,0.00054861,0
320,525,▁७,2746,0.00054761,0
321,551,▁भारत,2728,0.00054402,0
322,517,▁जनाएको,2718,0.00054203,0
323,557,हरुले,2715,0.00054143,0
324,522,▁महिला,2710,0.00054043,0
325,593,▁देखि,2691,0.00053664,0
326,526,ाउने,2688,0.00053604,0
327,556,▁माग,2681,0.00053465,0
328,576,ण्ड,2674,0.00053325,0
329,662,घ,2672,0.00053285,0
330,559,८,2666,0.00053166,0
331,564,▁त्यस,2649,0.00052827,0
332,580,ङ,2647,0.00052787,0
333,574,▁अब,2642,0.00052687,0
334,732,▁कु,2641,0.00052667,0
335,579,बा,2640,0.00052647,0
336,555,"▁""",2630,0.00052448,0
337,537,▁उक्त,2625,0.00052348,0
338,563,सँगै,2605,0.00051949,0
339,602,▁क्षेत्रमा,2598,0.00051809,0
340,546,सहित,2584,0.00051530,0
341,597,▁भयो,2554,0.00050932,0
342,627,▁सन्,2551,0.00050872,0
343,1249,्रो,2544,0.00050733,0
344,591,▁त्यो,2539,0.00050633,0
345,610,राज,2530,0.00050453,0
346,596,हरुको,2529,0.00050433,0
347,592,▁डा,2506,0.00049975,0
348,542,▁नेता,2494,0.00049735,0
349,756,▁जन,2490,0.00049656,0
350,685,ही,2484,0.00049536,0
351,601,▁व्यक्ति,2483,0.00049516,0
352,609,▁पूर्व,2481,0.00049476,0
353,716,्र,2480,0.00049456,0
354,599,▁भन्दा,2480,0.00049456,0
355,582,▁दिने,2480,0.00049456,0
356,571,▁४,2477,0.00049396,0
357,527,▁उनी,2475,0.00049357,0
358,761,पुर,2470,0.00049257,0
359,561,▁सहयोग,2465,0.00049157,0
360,704,ाय,2450,0.00048858,0
361,585,▁बढ,2425,0.00048359,0
362,769,र्क,2419,0.00048240,0
363,531,▁आयोजना,2418,0.00048220,0
364,589,९,2395,0.00047761,0
365,584,▁दिएको,2393,0.00047721,0
366,567,▁‘,2392,0.00047701,0
367,767,र्ज,2378,0.00047422,0
368,712,▁मु,2377,0.00047402,0
369,635,▁झ,2373,0.00047323,0
370,615,▁जोड,2363,0.00047123,0
371,701,झ,2352,0.00046904,0
372,771,आ,2351,0.00046884,0
373,604,रे,2342,0.00046704,0
374,575,▁संस्था,2334,0.00046545,0
375,560,▁नगरपालिका,2332,0.00046505,0
376,628,▁हामी,2331,0.00046485,0
377,586,▁सडक,2327,0.00046405,0
378,652,्रा,2325,0.00046365,0
379,626,रु,2324,0.00046345,0
380,713,▁मे,2318,0.00046226,0
381,611,▁एमाले,2313,0.00046126,0
382,680,▁ओ,2298,0.00045827,0
383,581,▁निर्वाचन,2294,0.00045747,0
384,1106,मान,2282,0.00045508,0
385,617,▁अवस्था,2279,0.00045448,0
386,684,▁गर्नु,2278,0.00045428,0
387,621,▁सुन,2276,0.00045388,0
388,605,टी,2272,0.00045308,0
389,655,हरूले,2271,0.00045288,0
390,648,िएका,2270,0.00045268,0
391,639,क्,2262,0.00045109,0
392,616,▁उत्पादन,2256,0.00044989,0
393,709,ेट,2253,0.00044929,0
394,634,सु,2249,0.00044850,0
395,603,▁महिना,2249,0.00044850,0
396,618,बारे,2247,0.00044810,0
397,624,क्स,2240,0.00044670,0
398,897,्व,2233,0.00044531,0
399,718,गा,2228,0.00044431,0
400,643,▁दल,2216,0.00044192,0
401,631,▁आवश्यक,2214,0.00044152,0
402,754,▁परि,2209,0.00044052,0
403,708,ियो,2205,0.00043972,0
404,692,ः,2200,0.00043873,0
405,690,डी,2198,0.00043833,0
406,612,▁सार्वजनिक,2194,0.00043753,0
407,657,र्स,2184,0.00043553,0
408,640,▁बनाउन,2178,0.00043434,0
409,674,▁राज,2173,0.00043334,0
410,720,▁विश्व,2169,0.00043254,0
411,694,▁गरि,2165,0.00043175,0
412,794,खा,2157,0.00043015,0
413,638,िने,2156,0.00042995,0
414,629,▁प्राप्त,2155,0.00042975,0
415,702,▁ध,2153,0.00042935,0
416,665,्छ,2137,0.00042616,0
417,620,▁गत,2129,0.00042457,0
418,740,चा,2128,0.00042437,0
419,625,▁अर्ब,2113,0.00042138,0
420,670,▁नाम,2104,0.00041958,0
421,632,▁योजना,2102,0.00041918,0
422,641,▁अघि,2096,0.00041799,0
423,664,▁मात्रै,2096,0.00041799,0
424,1005,हु,2088,0.00041639,0
425,978,▁घ,2085,0.00041579,0
426,750,▁लि,2080,0.00041479,0
427,654,▁जारी,2073,0.00041340,0
428,659,▁उल्लेख,2066,0.00041200,0
429,787,"""",2065,0.00041180,0
430,719,▁पा,2064,0.00041160,0
431,658,▁हाल,2061,0.00041101,0
432,1122,▁\,2059,0.00041061,0
433,645,▁पाँच,2058,0.00041041,0
434,677,▁एउटा,2058,0.00041041,0
435,656,▁पर्ने,2058,0.00041041,0
436,651,▁साथ,2053,0.00040941,0
437,668,▁पटक,2047,0.00040821,0
438,686,भित्र,2041,0.00040702,0
439,698,माथि,2040,0.00040682,0
440,672,▁ना,2038,0.00040642,0
441,644,▁दि,2032,0.00040522,0
442,853,जन,2023,0.00040343,0
443,689,▁गोल,2019,0.00040263,0
444,929,न्द,2015,0.00040183,0
445,757,ुवा,2014,0.00040163,0
446,715,▁कर्मचारी,2014,0.00040163,0
447,3995,_,2014,0.00040163,0
448,798,▁महा,2012,0.00040123,0
449,649,बीच,2008,0.00040044,0
450,723,▁ठूलो,2007,0.00040024,0
451,739,शा,2006,0.00040004,0
452,722,्यो,2005,0.00039984,0
453,633,▁वटा,2000,0.00039884,0
454,749,▁मुलुक,1995,0.00039784,0
455,688,▁भनेर,1993,0.00039745,0
456,642,–,1983,0.00039545,0
457,647,तर्फ,1981,0.00039505,0
458,681,▁कांग्रेस,1980,0.00039485,0
459,727,▁लेख,1977,0.00039425,0
460,724,▁राम्रो,1968,0.00039246,0
461,759,▁स्व,1966,0.00039206,0
462,835,र्म,1966,0.00039206,0
463,636,▁कम्पनी,1964,0.00039166,0
464,614,▁गाउँपालिका,1964,0.00039166,0
465,650,▁समूह,1957,0.00039027,0
466,832,नु,1956,0.00039007,0
467,915,▁अप,1956,0.00039007,0
468,705,▁रु,1956,0.00039007,0
469,696,▁आएका,1944,0.00038767,0
470,773,धि,1943,0.00038747,0
471,682,▁देश,1935,0.00038588,0
472,790,▁थ,1929,0.00038468,0
473,676,▁छलफल,1927,0.00038428,0
474,766,ेश,1926,0.00038408,0
475,730,▁१९,1918,0.00038249,0
476,883,▁पार,1909,0.00038069,0
477,683,▁जित,1905,0.00037990,0
478,819,ौँ,1900,0.00037890,0
479,846,▁दु,1898,0.00037850,0
480,871,▁डि,1895,0.00037790,0
481,810,▁गो,1890,0.00037690,0
482,693,▁१५,1885,0.00037591,0
483,781,ढ,1884,0.00037571,0
484,646,▁मृत्यु,1884,0.00037571,0
485,669,▁सञ्चालन,1880,0.00037491,0
486,735,▁बताएका,1879,0.00037471,0
487,726,से,1875,0.00037391,0
488,721,हरुलाई,1875,0.00037391,0
489,666,▁अस्पताल,1869,0.00037272,0
490,747,▁राष्ट्र,1867,0.00037232,0
491,671,▁मन्त्री,1866,0.00037212,0
492,675,स्थित,1864,0.00037172,0
493,578,▁बैंक,1863,0.00037152,0
494,918,सं,1862,0.00037132,0
495,678,’,1861,0.00037112,0
496,660,▁उद्योग,1860,0.00037092,0
497,673,बहादुर,1850,0.00036893,0
498,817,त्त,1844,0.00036773,0
499,728,▁ती,1841,0.00036713,0
500,725,▁बजेट,1837,0.00036634,0
501,737,▁नागरिक,1834,0.00036574,0
502,734,▁जान,1830,0.00036494,0
503,697,▁लगानी,1826,0.00036414,0
504,738,ाउँदै,1826,0.00036414,0
505,837,▁पो,1822,0.00036334,0
506,880,▁संविधान,1820,0.00036295,0
507,920,▁ले,1819,0.00036275,0
508,814,▁राजनीतिक,1819,0.00036275,0
509,898,i,1818,0.00036255,0
510,679,▁मूल्य,1818,0.00036255,0
511,699,▁उपचार,1818,0.00036255,0
512,729,/,1816,0.00036215,0
513,765,▁अवस्थामा,1805,0.00035995,0
514,777,▁हुनेछ,1804,0.00035975,0
515,830,के,1795,0.00035796,0
516,661,▁नेकपा,1795,0.00035796,0
517,775,▁बन्द,1791,0.00035716,0
518,707,बि,1786,0.00035617,0
519,890,▁नेपालको,1783,0.00035557,0
520,855,▁मो,1781,0.00035517,0
521,743,▁तपाईं,1780,0.00035497,0
522,908,न्ड,1779,0.00035477,0
523,700,समेत,1778,0.00035457,0
524,792,ीकरण,1776,0.00035417,0
525,748,▁तह,1770,0.00035297,0
526,762,▁साथै,1768,0.00035258,0
527,763,▁विशेष,1767,0.00035238,0
528,741,▁यस्तो,1762,0.00035138,0
529,695,▁चार,1760,0.00035098,0
530,731,▁पद,1756,0.00035018,0
531,736,जि,1756,0.00035018,0
532,687,▁गर,1753,0.00034958,0
533,842,मी,1753,0.00034958,0
534,710,▁१२,1752,0.00034938,0
535,768,▁गु,1749,0.00034879,0
536,758,▁जो,1749,0.00034879,0
537,1007,▁य,1748,0.00034859,0
538,799,▁लिन,1744,0.00034779,0
539,745,गत,1735,0.00034599,0
540,848,▁यसको,1734,0.00034580,0
541,935,▁ढ,1732,0.00034540,0
542,742,▁११,1730,0.00034500,0
543,828,▁यी,1728,0.00034460,0
544,1260,वार,1726,0.00034420,0
545,904,▁मह,1719,0.00034280,0
546,755,ाएको,1718,0.00034260,0
547,774,ुपर्ने,1711,0.00034121,0
548,760,▁बेला,1707,0.00034041,0
549,807,▁होइन,1707,0.00034041,0
550,847,▁से,1706,0.00034021,0
551,805,▁कर,1704,0.00033981,0
552,874,ओ,1704,0.00033981,0
553,887,न्ट,1702,0.00033941,0
554,746,▁भइरहेको,1699,0.00033882,0
555,834,मध्ये,1698,0.00033862,0
556,706,▁मत,1698,0.00033862,0
557,752,▁भा,1697,0.00033842,0
558,751,▁दोस्रो,1693,0.00033762,0
559,928,▁रो,1691,0.00033722,0
560,983,o,1691,0.00033722,0
561,808,▁नेपालमा,1691,0.00033722,0
562,801,▁जीवन,1691,0.00033722,0
563,948,▁राम,1680,0.00033503,0
564,956,िट,1678,0.00033463,0
565,779,▁अर्को,1678,0.00033463,0
566,836,▁फिल्म,1677,0.00033443,0
567,785,पर,1675,0.00033403,0
568,876,▁दा,1674,0.00033383,0
569,813,▁चल,1673,0.00033363,0
570,753,▁क्रममा,1669,0.00033283,0
571,733,▁खर्च,1669,0.00033283,0
572,854,▁राज्य,1665,0.00033204,0
573,926,▁किन,1664,0.00033184,0
574,820,▁सामाजिक,1661,0.00033124,0
575,782,▁हा,1659,0.00033084,0
576,829,▁नीति,1650,0.00032904,0
577,691,▁रकम,1638,0.00032665,0
578,827,▁सुरक्षा,1635,0.00032605,0
579,1100,ङ्,1633,0.00032565,0
580,821,▁सक्ने,1632,0.00032545,0
581,870,▁बस,1631,0.00032526,0
582,811,▁पछि,1630,0.00032506,0
583,861,▁नगर,1627,0.00032446,0
584,899,▁शिक्षा,1625,0.00032406,0
585,840,पत्र,1624,0.00032386,0
586,789,▁विषय,1624,0.00032386,0
587,812,▁सक्छ,1623,0.00032366,0
588,894,▁समाज,1621,0.00032326,0
589,891,▁सभा,1615,0.00032206,0
590,1102,्वा,1614,0.00032186,0
591,896,▁बनाउने,1613,0.00032167,0
592,744,▁संघ,1612,0.00032147,0
593,764,▁विषयमा,1612,0.00032147,0
594,889,्यु,1611,0.00032127,0
595,1095,श्,1609,0.00032087,0
596,772,▁पुगेको,1608,0.00032067,0
597,1069,t,1607,0.00032047,0
598,843,▁जुन,1606,0.00032027,0
599,809,▁पानी,1605,0.00032007,0
600,906,e,1604,0.00031987,0
601,901,कु,1603,0.00031967,0
602,844,▁अनुसन्धान,1603,0.00031967,0
603,770,▁हुँदा,1599,0.00031887,0
604,954,▁हि,1598,0.00031867,0
605,793,▁बन,1597,0.00031847,0
606,778,अनुसार,1596,0.00031828,0
607,1016,▁यु,1595,0.00031808,0
608,815,▁अधिकारी,1593,0.00031768,0
609,804,प्रसाद,1593,0.00031768,0
610,818,▁मिल,1589,0.00031688,0
611,872,▁ट,1585,0.00031608,0
612,783,▁व्यवस्थापन,1585,0.00031608,0
613,797,▁समिति,1583,0.00031568,0
614,803,▁जनता,1576,0.00031429,0
615,806,▁५०,1576,0.00031429,0
616,711,▁वडा,1576,0.00031429,0
617,1116,ञ्च,1573,0.00031369,0
618,850,▁चीन,1573,0.00031369,0
619,885,▁माओवादी,1570,0.00031309,0
620,1154,म्ब,1568,0.00031269,0
621,865,▁सबैभन्दा,1568,0.00031269,0
622,795,▁लागेको,1566,0.00031229,0
623,1003,ञ्ज,1563,0.00031169,0
624,864,▁समयमा,1563,0.00031169,0
625,788,▁संख्या,1563,0.00031169,0
626,944,▁चि,1563,0.00031169,0
627,800,▁गर्नुपर्ने,1548,0.00030870,0
628,791,▁परेको,1547,0.00030850,0
629,919,s,1543,0.00030771,0
630,858,▁उच्च,1540,0.00030711,0
631,893,▁काठमाडौँ,1539,0.00030691,0
632,851,▁खोज,1535,0.00030611,0
633,852,▁कार्यक्रममा,1531,0.00030531,0
634,869,▁भेट,1527,0.00030452,0
635,863,▁उपलब्ध,1525,0.00030412,0
636,910,त्,1523,0.00030372,0
637,922,▁बो,1523,0.00030372,0
638,950,▁व्यापार,1523,0.00030372,0
639,868,▁गएको,1517,0.00030252,0
640,862,▁पक्ष,1515,0.00030212,0
641,877,▁प्रस्ताव,1515,0.00030212,0
642,909,▁यहाँ,1511,0.00030132,0
643,879,▁घोषणा,1509,0.00030093,0
644,953,टर,1508,0.00030073,0
645,930,एस,1505,0.00030013,0
646,1057,▁अव,1502,0.00029953,0
647,936,▁गीत,1502,0.00029953,0
648,822,▁ड,1501,0.00029933,0
649,1117,▁पि,1501,0.00029933,0
650,823,▁खा,1501,0.00029933,0
651,961,▁आइ,1501,0.00029933,0
652,1251,चार,1497,0.00029853,0
653,849,▁सांसद,1497,0.00029853,0
654,796,▁बजार,1494,0.00029793,0
655,1108,ंक,1492,0.00029754,0
656,937,▁भाग,1492,0.00029754,0
657,1112,राम,1491,0.00029734,0
658,833,▁भएपछि,1491,0.00029734,0
659,825,▁देखिएको,1489,0.00029694,0
660,860,▁ओली,1489,0.00029694,0
661,839,▁परिवार,1489,0.00029694,0
662,867,▁यस्तै,1486,0.00029634,0
663,921,▁हाम्रो,1486,0.00029634,0
664,1009,भर,1483,0.00029574,0
665,857,▁बाहिर,1482,0.00029554,0
666,831,ाएर,1480,0.00029514,0
667,1085,म्प,1479,0.00029494,0
668,1073,हो,1479,0.00029494,0
669,1159,ेज,1479,0.00029494,0
670,816,कुमार,1478,0.00029474,0
671,1078,मे,1476,0.00029434,0
672,824,▁सम्पन्न,1470,0.00029315,0
673,845,▁आउने,1469,0.00029295,0
674,866,▁अगाडि,1468,0.00029275,0
675,786,▁प्रहरीले,1466,0.00029235,0
676,989,जु,1464,0.00029195,0
677,957,टो,1464,0.00029195,0
678,914,▁मुख्य,1459,0.00029095,0
679,895,▁पु,1456,0.00029036,0
680,939,▁भित्र,1455,0.00029016,0
681,1182,दार,1454,0.00028996,0
682,841,्स,1453,0.00028976,0
683,924,▁भएकाले,1452,0.00028956,0
684,927,▁अध्ययन,1451,0.00028936,0
685,886,▁लग,1451,0.00028936,0
686,856,▁दिएका,1451,0.00028936,0
687,838,▁बैठक,1450,0.00028916,0
688,903,0,1449,0.00028896,0
689,802,▁घटना,1448,0.00028876,0
690,967,▁पर,1445,0.00028816,0
691,776,▁तयारी,1444,0.00028796,0
692,884,▁जाने,1442,0.00028756,0
693,1050,▁ठ,1441,0.00028737,0
694,1091,न्न,1435,0.00028617,0
695,970,प्रति,1432,0.00028557,0
696,913,▁भएर,1431,0.00028537,0
697,881,▁राष्ट्रपति,1430,0.00028517,0
698,1084,मो,1426,0.00028437,0
699,1120,▁अनु,1423,0.00028378,0
700,826,▁विद्यालय,1422,0.00028358,0
701,905,▁गर्छ,1419,0.00028298,0
702,1088,▁रा,1417,0.00028258,0
703,1186,्रि,1413,0.00028178,0
704,998,▁सकिन्छ,1413,0.00028178,0
705,916,बी,1413,0.00028178,0
706,1181,हरूमा,1412,0.00028158,0
707,931,▁कृषि,1412,0.00028158,0
708,972,▁हात,1410,0.00028118,0
709,933,▁त्यहाँ,1410,0.00028118,0
710,888,?,1408,0.00028078,0
711,993,र्ट,1406,0.00028039,0
712,1456,ेन्ट,1405,0.00028019,0
713,982,दिन,1399,0.00027899,0
714,1312,▁रन,1398,0.00027879,0
715,955,▁स्थानमा,1394,0.00027799,0
716,984,▁जा,1390,0.00027719,0
717,917,▁तयार,1389,0.00027700,0
718,907,▁केन्द्रीय,1389,0.00027700,0
719,971,हरूलाई,1387,0.00027660,0
720,981,▁मि,1387,0.00027660,0
721,943,्नु,1387,0.00027660,0
722,985,▁बाल,1382,0.00027560,0
723,945,▁हुँदै,1377,0.00027460,0
724,873,",'",1376,0.00027440,0
725,923,▁स्ट,1374,0.00027400,0
726,902,▁विद्यार्थी,1369,0.00027301,0
727,941,▁प्रदान,1367,0.00027261,0
728,1022,▁मान,1364,0.00027201,0
729,900,▁त्यस्तै,1362,0.00027161,0
730,932,मार्फत,1361,0.00027141,0
731,1002,▁खेलमा,1360,0.00027121,0
732,780,▁संक्रमण,1360,0.00027121,0
733,1189,गो,1359,0.00027101,0
734,973,▁चा,1358,0.00027081,0
735,1261,हार,1356,0.00027041,0
736,990,▁दुवै,1355,0.00027021,0
737,1423,\,1354,0.00027002,0
738,968,▁हामीले,1353,0.00026982,0
739,1019,▁गा,1351,0.00026942,0
740,859,▁भनाइ,1351,0.00026942,0
741,1030,▁वर्षको,1345,0.00026822,0
742,1292,ल्ट,1342,0.00026762,0
743,946,▁गर्दछ,1337,0.00026663,0
744,925,▁पछिल्लो,1335,0.00026623,0
745,992,a,1333,0.00026583,0
746,1006,▁डे,1333,0.00026583,0
747,892,▁मन्त्रालय,1331,0.00026543,0
748,1367,क्क,1331,0.00026543,0
749,976,पि,1330,0.00026523,0
750,912,▁गाउँ,1321,0.00026343,0
751,1039,दि,1320,0.00026324,0
752,1242,▁सम,1319,0.00026304,0
753,969,▁भारतीय,1318,0.00026284,0
754,1029,▁कसरी,1318,0.00026284,0
755,977,▁चाह,1316,0.00026244,0
756,959,▁घट,1315,0.00026224,0
757,962,▁बढेको,1314,0.00026204,0
758,988,दै,1312,0.00026164,0
759,995,▁क्या,1311,0.00026144,0
760,882,▁नम्बर,1310,0.00026124,0
761,947,▁युवा,1308,0.00026084,0
762,1126,्रे,1306,0.00026044,0
763,878,▁२५,1305,0.00026024,0
764,942,▁१४,1302,0.00025965,0
765,1235,क्र,1299,0.00025905,0
766,1026,दर,1299,0.00025905,0
767,784,ान,1296,0.00025845,0
768,938,▁१३,1295,0.00025825,0
769,1671,जे,1293,0.00025785,0
770,1037,िल,1292,0.00025765,0
771,1118,नन्,1289,0.00025705,0
772,940,▁सम्झौता,1286,0.00025645,0
773,1055,▁सूचना,1279,0.00025506,0
774,1403,न्त्र,1278,0.00025486,0
775,1024,ग्,1278,0.00025486,0
776,1146,▁जि,1276,0.00025446,0
777,1093,▁अन्तर,1271,0.00025346,0
778,1194,▁हुनु,1269,0.00025306,0
779,1098,भि,1268,0.00025287,0
780,980,▁निर्देशन,1268,0.00025287,0
781,911,ाव,1266,0.00025247,0
782,986,▁सम्म,1265,0.00025227,0
783,1000,▁बु,1264,0.00025207,0
784,1327,स्ता,1258,0.00025087,0
785,1092,▁परिवर्तन,1258,0.00025087,0
786,1210,▁ने,1257,0.00025067,0
787,1038,िए,1256,0.00025047,0
788,1185,▁चु,1256,0.00025047,0
789,1012,र्ड,1255,0.00025027,0
790,1179,लु,1249,0.00024908,0
791,1044,▁आधारमा,1247,0.00024868,0
792,1564,ष्,1246,0.00024848,0
793,991,▁उठ,1245,0.00024828,0
794,951,▁३०,1244,0.00024808,0
795,1046,▁सरकारको,1243,0.00024788,0
796,1187,▁कुल,1243,0.00024788,0
797,1020,▁अनि,1237,0.00024668,0
798,1081,▁देखिन्छ,1235,0.00024628,0
799,1165,▁एवं,1233,0.00024589,0
800,1004,▁स्थान,1232,0.00024569,0
801,1079,▁उहाँ,1231,0.00024549,0
802,1139,न्छ,1229,0.00024509,0
803,1349,▁ति,1228,0.00024489,0
804,875,▁पक्राउ,1228,0.00024489,0
805,1028,छन्,1227,0.00024469,0
806,1197,▁नेपालले,1226,0.00024449,0
807,966,▁प्रक्रिया,1225,0.00024429,0
808,1500,फा,1224,0.00024409,0
809,1141,तिर,1224,0.00024409,0
810,1049,न्स,1223,0.00024389,0
811,1156,हरुमा,1221,0.00024349,0
812,974,पनि,1220,0.00024329,0
813,1138,▁अर्थ,1216,0.00024250,0
814,1228,था,1215,0.00024230,0
815,1244,▁प्रा,1214,0.00024210,0
816,1168,पु,1213,0.00024190,0
817,1067,▁रि,1212,0.00024170,0
818,1070,▁बोल,1210,0.00024130,0
819,1224,र्थ,1208,0.00024090,0
820,1059,▁भर,1205,0.00024030,0
821,1121,▁सी,1203,0.00023990,0
822,1201,m,1202,0.00023970,0
823,1033,▁नभएको,1201,0.00023950,0
824,1101,ेड,1199,0.00023911,0
825,1681,व्य,1197,0.00023871,0
826,996,1,1195,0.00023831,0
827,1008,▁यसअघि,1190,0.00023731,0
828,1015,▁१६,1187,0.00023671,0
829,1082,▁बल,1184,0.00023611,0
830,1130,▁सक,1181,0.00023552,0
831,1013,▁लामो,1180,0.00023532,0
832,1072,▁अन्तर्राष्ट्रिय,1180,0.00023532,0
833,1036,▁सरकारी,1179,0.00023512,0
834,1048,▁सहज,1179,0.00023512,0
835,1053,▁सहमति,1178,0.00023492,0
836,1025,▁बजे,1177,0.00023472,0
837,1147,▁राख्न,1175,0.00023432,0
838,1065,▁पाउने,1174,0.00023412,0
839,1144,भा,1174,0.00023412,0
840,1034,▁पूर्ण,1172,0.00023372,0
841,1043,▁गरिने,1171,0.00023352,0
842,1045,हर,1170,0.00023332,0
843,1018,ेन्द्र,1169,0.00023312,0
844,1109,▁बनेको,1168,0.00023292,0
845,1042,▁१८,1167,0.00023272,0
846,1172,नै,1166,0.00023252,0
847,1158,▁पर्यटन,1166,0.00023252,0
848,952,▁अमेरिका,1166,0.00023252,0
849,1047,▁प्रदर्शन,1166,0.00023252,0
850,1271,u,1164,0.00023213,0
851,1083,▁निकै,1164,0.00023213,0
852,1094,▁आउन,1160,0.00023133,0
853,1523,▁हे,1158,0.00023093,0
854,1149,▁अफ,1155,0.00023033,0
855,1104,▁पूरा,1155,0.00023033,0
856,965,▁व्यवसायी,1154,0.00023013,0
857,1056,▁बिहान,1151,0.00022953,0
858,1027,▁शर्मा,1151,0.00022953,0
859,1180,▁आन्दोलन,1149,0.00022913,0
860,1428,ँदै,1146,0.00022854,0
861,1035,▁विश्वास,1146,0.00022854,0
862,979,▁आफू,1145,0.00022834,0
863,997,कि,1144,0.00022814,0
864,1132,▁अधिकार,1143,0.00022794,0
865,1129,▁निकाय,1139,0.00022714,0
866,1068,▁लिएर,1139,0.00022714,0
867,994,▁मुद्दा,1138,0.00022694,0
868,1058,▁श्रेष्ठ,1136,0.00022654,0
869,1086,मन्त्री,1135,0.00022634,0
870,1541,स्था,1132,0.00022574,0
871,960,▁आरोप,1129,0.00022515,0
872,1075,डि,1128,0.00022495,0
873,1063,▁प्रतियोगिता,1128,0.00022495,0
874,1241,▁त्यसको,1127,0.00022475,0
875,1841,भाव,1127,0.00022475,0
876,1061,लगायत,1124,0.00022415,0
877,1017,▁उम्मेदवार,1123,0.00022395,0
878,1152,▁स्रोत,1121,0.00022355,0
879,1174,▁उहाँले,1119,0.00022315,0
880,1001,▁करिब,1118,0.00022295,0
881,963,▁पैसा,1116,0.00022255,0
882,1161,▁चुनाव,1115,0.00022235,0
883,1518,वास,1114,0.00022215,0
884,1105,▁सात,1114,0.00022215,0
885,1191,▁ला,1113,0.00022196,0
886,1011,▁परीक्षण,1113,0.00022196,0
887,1250,धा,1112,0.00022176,0
888,1267,यु,1111,0.00022156,0
889,999,▁आग्रह,1111,0.00022156,0
890,1077,▁कार्यान्वयन,1110,0.00022136,0
891,1239,▁फि,1107,0.00022076,0
892,949,▁कारोबार,1106,0.00022056,0
893,1190,▁नेतृत्व,1105,0.00022036,0
894,1654,र्च,1104,0.00022016,0
895,1466,▁सर,1103,0.00021996,0
896,1071,िन्,1103,0.00021996,0
897,1302,वाद,1101,0.00021956,0
898,1074,ाइएको,1100,0.00021936,0
899,1374,▁अन,1098,0.00021896,0
900,1459,प्त,1098,0.00021896,0
901,1114,▁सचिव,1096,0.00021856,0
902,1060,▁अन्तिम,1096,0.00021856,0
903,1173,▁चौ,1096,0.00021856,0
904,1014,▁आगामी,1092,0.00021777,0
905,1142,नो,1089,0.00021717,0
906,1473,न्ज,1089,0.00021717,0
907,1205,र्न,1088,0.00021697,0
908,1040,▁सहभागी,1088,0.00021697,0
909,1247,▁यसले,1087,0.00021677,0
910,1107,▁स्थापना,1085,0.00021637,0
911,1275,▁जन्म,1084,0.00021617,0
912,1131,विरुद्ध,1083,0.00021597,0
913,987,▁टोली,1083,0.00021597,0
914,1188,वर,1082,0.00021577,0
915,1041,▁विभाग,1082,0.00021577,0
916,1273,▁टे,1081,0.00021557,0
917,1125,▁दर,1080,0.00021537,0
918,1279,र्ण,1078,0.00021498,0
919,1113,मु,1077,0.00021478,0
920,1127,िम,1070,0.00021338,0
921,1418,▁निर्,1070,0.00021338,0
922,1206,शि,1069,0.00021318,0
923,1137,▁या,1067,0.00021278,0
924,1133,▁यही,1067,0.00021278,0
925,1379,▁सम्,1066,0.00021258,0
926,1457,कृत,1062,0.00021178,0
927,1178,▁मानिस,1061,0.00021159,0
928,1136,▁अझै,1061,0.00021159,0
929,1333,▁इन्,1060,0.00021139,0
930,1484,▁चे,1060,0.00021139,0
931,1344,धी,1059,0.00021119,0
932,1177,▁बारेमा,1059,0.00021119,0
933,1183,ल्ड,1058,0.00021099,0
934,1404,ेश्वर,1058,0.00021099,0
935,1192,▁व्यवसाय,1058,0.00021099,0
936,1054,▁परेका,1057,0.00021079,0
937,1617,▁रे,1055,0.00021039,0
938,958,▁बैंकले,1054,0.00021019,0
939,1213,▁सुविधा,1054,0.00021019,0
940,1229,▁सेना,1053,0.00020999,0
941,964,ार,1052,0.00020979,0
942,1162,▁मेरो,1052,0.00020979,0
943,1211,▁सुधार,1051,0.00020959,0
944,1076,▁उनलाई,1051,0.00020959,0
945,1099,▁कम्पनीले,1051,0.00020959,0
946,1090,▁बाँकी,1050,0.00020939,0
947,1542,क्रम,1050,0.00020939,0
948,1175,▁त्यसैले,1050,0.00020939,0
949,1227,▁नव,1049,0.00020919,0
950,1245,l,1048,0.00020899,0
951,1145,▁हेर,1048,0.00020899,0
952,1115,▁२४,1048,0.00020899,0
953,1111,▁सफल,1047,0.00020879,0
954,1220,▁हरेक,1046,0.00020859,0
955,1032,▁:,1044,0.00020820,0
956,1051,▁अदालत,1043,0.00020800,0
957,1274,▁बैठकमा,1042,0.00020780,0
958,1252,िरहेको,1042,0.00020780,0
959,1080,▁दर्ता,1042,0.00020780,0
960,1153,▁आइतबार,1041,0.00020760,0
961,1339,▁वन,1041,0.00020760,0
962,1481,च्छ,1039,0.00020720,0
963,1268,रू,1034,0.00020620,0
964,1299,▁भूमिका,1034,0.00020620,0
965,1221,▁जनाको,1034,0.00020620,0
966,1243,▁ध्यान,1033,0.00020600,0
967,975,▁सेयर,1033,0.00020600,0
968,1360,▁मध्य,1031,0.00020560,0
969,1150,▁सम्बन्ध,1031,0.00020560,0
970,1240,▁लक्ष्य,1030,0.00020540,0
971,1023,▁संक्रमित,1030,0.00020540,0
972,1110,▁खरिद,1030,0.00020540,0
973,1170,▁रोक,1029,0.00020520,0
974,1293,बु,1026,0.00020461,0
975,1233,▁प्रशासन,1025,0.00020441,0
976,1089,▁अभियान,1024,0.00020421,0
977,1230,▁शाखा,1022,0.00020381,0
978,1218,▁सामान्य,1022,0.00020381,0
979,1066,▁अंक,1021,0.00020361,0
980,1195,▁वृद्धि,1021,0.00020361,0
981,1166,▁जग्गा,1020,0.00020341,0
982,1278,2,1019,0.00020321,0
983,1289,▁एस,1019,0.00020321,0
984,1096,वी,1018,0.00020301,0
985,1762,िका,1017,0.00020281,0
986,1338,देश,1016,0.00020261,0
987,1124,▁कायम,1015,0.00020241,0
988,1176,▁प्रश्न,1015,0.00020241,0
989,1143,▁१७,1014,0.00020221,0
990,1064,▁पत्रकार,1013,0.00020201,0
991,1010,िस,1012,0.00020181,0
992,1571,धन,1012,0.00020181,0
993,1766,मन,1011,0.00020161,0
994,1103,▁त्यसपछि,1010,0.00020141,0
995,1586,लाइ,1009,0.00020122,0
996,1237,▁आफ्ना,1007,0.00020082,0
997,1208,▁पढ,1005,0.00020042,0
998,1193,दी,1003,0.00020002,0
999,1031,▁खेलाडी,1003,0.00020002,0
1000,1325,▁मानव,1002,0.00019982,0
1001,1347,▁पर्छ,1002,0.00019982,0
1002,1135,▁थापा,1001,0.00019962,0
1003,1160,▁दाबी,1001,0.00019962,0
1004,1330,ुपर्छ,999,0.00019922,0
1005,1163,▁दाहाल,998,0.00019902,0
1006,1209,▁म्या,997,0.00019882,0
1007,1309,▁जस्तो,997,0.00019882,0
1008,1343,▁गुरुङ,997,0.00019882,0
1009,1184,▁मैले,996,0.00019862,0
1010,1123,ेपछि,995,0.00019842,0
1011,1134,▁गरिरहेको,995,0.00019842,0
1012,1372,▁शि,994,0.00019822,0
1013,1315,▁प्रभाव,993,0.00019802,0
1014,1140,▁सोमबार,993,0.00019802,0
1015,1265,▁प्रतिनिधि,993,0.00019802,0
1016,1148,▁रोग,992,0.00019783,0
1017,1203,िज,991,0.00019763,0
1018,1215,▁विवाद,991,0.00019763,0
1019,1257,▁तत्काल,990,0.00019743,0
1020,1557,▁उत्,989,0.00019723,0
1021,1298,▁संघीय,988,0.00019703,0
1022,1300,पन,987,0.00019683,0
1023,1097,▁आयोग,985,0.00019643,0
1024,1421,त्य,984,0.00019623,0
1025,1276,▁भ्रमण,984,0.00019623,0
1026,1246,अघि,983,0.00019603,0
1027,1216,▁प्रवेश,983,0.00019603,0
1028,1291,▁जब,981,0.00019563,0
1029,1262,▁प्रस्तुत,980,0.00019543,0
1030,1295,▁तपाई,980,0.00019543,0
1031,1087,▁वितरण,979,0.00019523,0
1032,1232,▁प्रयास,979,0.00019523,0
1033,1668,पति,979,0.00019523,0
1034,1223,▁विस्तार,978,0.00019503,0
1035,1128,▁बिक्री,977,0.00019483,0
1036,1204,▁दैनिक,977,0.00019483,0
1037,1368,दे,976,0.00019463,0
1038,1281,▁क्षमता,973,0.00019404,0
1039,1200,▁राख,972,0.00019384,0
1040,1645,▁धर्म,971,0.00019364,0
1041,1373,दु,969,0.00019324,0
1042,1715,ैं,968,0.00019304,0
1043,1677,न्ध,967,0.00019284,0
1044,1234,्छन्,965,0.00019244,0
1045,1290,▁संग,964,0.00019224,0
1046,1231,▁प्रणाली,963,0.00019204,0
1047,1169,▁भाइरस,963,0.00019204,0
1048,1602,c,962,0.00019184,0
1049,1454,स्क,960,0.00019144,0
1050,1324,▁यसलाई,960,0.00019144,0
1051,1592,▁देव,960,0.00019144,0
1052,1272,▁किसान,959,0.00019124,0
1053,1514,ेसन,958,0.00019104,0
1054,1296,▁फा,958,0.00019104,0
1055,1282,एम,957,0.00019085,0
1056,1259,नाथ,957,0.00019085,0
1057,1155,▁चलचित्र,956,0.00019065,0
1058,1277,▁२१,953,0.00019005,0
1059,1264,▁जे,952,0.00018985,0
1060,1436,पूर्ण,950,0.00018945,0
1061,1527,डे,950,0.00018945,0
1062,1389,▁भि,949,0.00018925,0
1063,1366,▁प्राधिकरण,949,0.00018925,0
1064,1853,जना,948,0.00018905,0
1065,1483,र्त,947,0.00018885,0
1066,1199,▁बुधबार,947,0.00018885,0
1067,1226,▁बुझ,946,0.00018865,0
1068,1788,मुख,945,0.00018845,0
1069,1305,▁कस,944,0.00018825,0
1070,1283,▁अस,944,0.00018825,0
1071,1119,▁पोखरा,944,0.00018825,0
1072,1549,▁शक्ति,943,0.00018805,0
1073,1780,▁जात,943,0.00018805,0
1074,1021,िर,941,0.00018765,0
1075,1225,▁ऐन,938,0.00018706,0
1076,1236,▁शुक्रबार,938,0.00018706,0
1077,1263,▁गराउन,937,0.00018686,0
1078,1287,▁बाटो,935,0.00018646,0
1079,1508,▁राजनीति,935,0.00018646,0
1080,1238,▁ओलीले,934,0.00018626,0
1081,1405,▁हुँदैन,932,0.00018586,0
1082,1496,▁टु,930,0.00018546,0
1083,1351,ाउँछ,930,0.00018546,0
1084,1697,र्ग,928,0.00018506,0
1085,1310,▁भन्न,927,0.00018486,0
1086,1415,बर,926,0.00018466,0
1087,1587,▁लाग,924,0.00018426,0
1088,1285,▁नहुने,922,0.00018387,0
1089,1217,▁बजारमा,921,0.00018367,0
1090,1311,▁अरु,920,0.00018347,0
1091,1297,▁छैनन्,920,0.00018347,0
1092,1520,ष्ठ,919,0.00018327,0
1093,1460,▁पत्र,919,0.00018327,0
1094,1407,▁टि,916,0.00018267,0
1095,1328,▁त्यही,914,0.00018227,0
1096,1198,▁उनका,913,0.00018207,0
1097,1611,ालय,912,0.00018187,0
1098,1413,▁दक्षिण,912,0.00018187,0
1099,1202,पाल,911,0.00018167,0
1100,1294,्ला,911,0.00018167,0
1101,1735,निक,909,0.00018127,0
1102,1317,सन,908,0.00018107,0
1103,1319,▁तेस्रो,907,0.00018087,0
1104,1382,▁आव,906,0.00018068,0
1105,1695,सार,905,0.00018048,0
1106,1364,स्थ,905,0.00018048,0
1107,1451,ङ्क,905,0.00018048,0
1108,1399,▁आफ्नै,905,0.00018048,0
1109,1501,▁तिनीहरू,905,0.00018048,0
1110,1164,▁सामग्री,904,0.00018028,0
1111,1270,▁गठन,903,0.00018008,0
1112,1769,ण्डा,903,0.00018008,0
1113,1584,▁डो,902,0.00017988,0
1114,1431,▁बीच,900,0.00017948,0
1115,1286,▁गरेपछि,900,0.00017948,0
1116,1461,▁हु,899,0.00017928,0
1117,1443,▁लिने,899,0.00017928,0
1118,1222,▁अधिकृत,898,0.00017908,0
1119,1219,▁फर्क,897,0.00017888,0
1120,1308,▁संसद,897,0.00017888,0
1121,1322,▁भवन,895,0.00017848,0
1122,1377,▁भु,895,0.00017848,0
1123,1513,▁बन्न,894,0.00017828,0
1124,1341,▁जोखिम,893,0.00017808,0
1125,1346,▁सम्भावना,893,0.00017808,0
1126,1214,▁सोही,892,0.00017788,0
1127,1266,▁अमेरिकी,892,0.00017788,0
1128,1196,▁गठबन्धन,892,0.00017788,0
1129,1401,▁सोच,891,0.00017768,0
1130,1255,▁पुनः,890,0.00017748,0
1131,1468,▁आई,890,0.00017748,0
1132,1688,▁आय,889,0.00017728,0
1133,1329,▁सीमा,889,0.00017728,0
1134,1284,▁शुरु,888,0.00017709,0
1135,2256,▁दो,887,0.00017689,0
1136,1352,▁पहिले,887,0.00017689,0
1137,1550,▁सत्ता,887,0.00017689,0
1138,1167,गर,886,0.00017669,0
1139,1480,बल,886,0.00017669,0
1140,1445,त्व,885,0.00017649,0
1141,1350,सो,885,0.00017649,0
1142,1524,कारी,884,0.00017629,0
1143,1390,▁०,882,0.00017589,0
1144,1256,▁पुरुष,881,0.00017569,0
1145,1353,▁विरोध,880,0.00017549,0
1146,1314,▁सभापति,880,0.00017549,0
1147,1280,▁यादव,880,0.00017549,0
1148,1323,▁बर्ष,879,0.00017529,0
1149,934,ेल,878,0.00017509,0
1150,1387,▁वातावरण,878,0.00017509,0
1151,1318,▁प्रचण्ड,877,0.00017489,0
1152,1348,▁शेयर,876,0.00017469,0
1153,1326,▁४०,875,0.00017449,0
1154,1478,▁बत,872,0.00017389,0
1155,1207,▁ट्र,872,0.00017389,0
1156,1535,▁माथि,872,0.00017389,0
1157,1621,वादी,868,0.00017310,0
1158,1313,▁निजी,867,0.00017290,0
1159,1482,▁भे,867,0.00017290,0
1160,1615,▁छु,866,0.00017270,0
1161,1320,रहे,865,0.00017250,0
1162,1435,▁न्याय,865,0.00017250,0
1163,1380,▁छुट,865,0.00017250,0
1164,1764,▁धन,864,0.00017230,0
1165,1455,▁छौं,863,0.00017210,0
1166,1334,▁२२,861,0.00017170,0
1167,2453,ुङ,861,0.00017170,0
1168,1392,▁बनाएको,860,0.00017150,0
1169,1498,ेन्स,860,0.00017150,0
1170,1354,▁लगायत,860,0.00017150,0
1171,1751,शन,859,0.00017130,0
1172,1430,▁ठाउँमा,858,0.00017110,0
1173,1650,▁लो,858,0.00017110,0
1174,1336,ाउँदा,857,0.00017090,0
1175,1502,▁ब्या,857,0.00017090,0
1176,1610,▁आमा,855,0.00017050,0
1177,1494,▁केसी,855,0.00017050,0
1178,1562,तो,854,0.00017031,0
1179,1062,ेन,854,0.00017031,0
1180,1171,▁देख,854,0.00017031,0
1181,2104,▁सर्व,854,0.00017031,0
1182,1945,ज्ञा,852,0.00016991,0
1183,1253,▁ऋण,852,0.00016991,0
1184,1356,▁बताउनुभयो,849,0.00016931,0
1185,1539,▁पाइ,849,0.00016931,0
1186,1316,ाएका,848,0.00016911,0
1187,1652,▁स्वा,847,0.00016891,0
1188,1258,▁वर्षीय,847,0.00016891,0
1189,1301,ियन,845,0.00016851,0
1190,1410,▁उत्तर,845,0.00016851,0
1191,1420,▁यदि,845,0.00016851,0
1192,1306,▁नं,844,0.00016831,0
1193,1370,▁कति,843,0.00016811,0
1194,1503,क्त,842,0.00016791,0
1195,1486,ल्ला,841,0.00016771,0
1196,1778,तु,841,0.00016771,0
1197,1442,▁पर्यटक,841,0.00016771,0
1198,1383,▁सम्मान,840,0.00016751,0
1199,1151,ोल,840,0.00016751,0
1200,1426,▁सहित,840,0.00016751,0
1201,1376,▁सकिने,840,0.00016751,0
1202,1396,▁प्या,840,0.00016751,0
1203,1429,▁चैत,839,0.00016731,0
1204,1386,▁प्रकाश,838,0.00016711,0
1205,1388,▁गरिरहेका,837,0.00016692,0
1206,2092,श्र,837,0.00016692,0
1207,1453,▁फेरि,836,0.00016672,0
1208,1269,▁लिएको,836,0.00016672,0
1209,1573,▁खु,836,0.00016672,0
1210,1363,▁कानुन,835,0.00016652,0
1211,1566,▁फे,833,0.00016612,0
1212,1248,▁क्लब,832,0.00016592,0
1213,1439,▁टिम,832,0.00016592,0
1214,1721,▁स्क,831,0.00016572,0
1215,1052,▁होला,830,0.00016552,0
1216,1307,▁प्रविधि,829,0.00016532,0
1217,1491,▁साल,826,0.00016472,0
1218,1854,खु,826,0.00016472,0
1219,1933,▁बर्,824,0.00016432,0
1220,1821,पक्ष,823,0.00016412,0
1221,1625,▁क्षति,821,0.00016372,0
1222,1288,▁वित्तीय,821,0.00016372,0
1223,1422,▁समुदाय,820,0.00016352,0
1224,1649,संग,820,0.00016352,0
1225,1472,गु,820,0.00016352,0
1226,1321,टे,819,0.00016333,0
1227,1940,म्भ,819,0.00016333,0
1228,1528,▁राई,819,0.00016333,0
1229,1519,▁हत्या,819,0.00016333,0
1230,1544,▁उनीहरू,817,0.00016293,0
1231,1670,▁संरचना,816,0.00016273,0
1232,1634,▁नेपालका,816,0.00016273,0
1233,1340,▁पे,815,0.00016253,0
1234,1504,▁सिंह,814,0.00016233,0
1235,1362,▁रहे,813,0.00016213,0
1236,1507,कल,813,0.00016213,0
1237,2661,र्श,813,0.00016213,0
1238,1355,▁प्रतिवेदन,811,0.00016173,0
1239,1412,▁कम्पनीको,811,0.00016173,0
1240,1463,▁पुरा,811,0.00016173,0
1241,1485,▁ई,810,0.00016153,0
1242,1476,▁मलाई,810,0.00016153,0
1243,1409,▁शनिबार,808,0.00016113,0
1244,1358,ुभएको,808,0.00016113,0
1245,1585,▁अभि,808,0.00016113,0
1246,1490,▁सह,806,0.00016073,0
1247,1345,▁खान,806,0.00016073,0
1248,1522,p,805,0.00016053,0
1249,2080,धु,804,0.00016033,0
1250,1588,भी,803,0.00016013,0
1251,1303,▁मंगलबार,803,0.00016013,0
1252,1493,कर,802,0.00015994,0
1253,1400,▁भई,800,0.00015954,0
1254,1375,▁संयुक्त,800,0.00015954,0
1255,1537,▁ठाउँ,798,0.00015914,0
1256,2186,स्व,797,0.00015894,0
1257,1467,▁जिल्लामा,797,0.00015894,0
1258,1878,▁मनो,797,0.00015894,0
1259,1577,षण,796,0.00015874,0
1260,1254,▁विदेश,796,0.00015874,0
1261,1565,▁पाउन,795,0.00015854,0
1262,1567,▁शा,793,0.00015814,0
1263,1521,▁सकेको,792,0.00015794,0
1264,1411,▁कोभिड,792,0.00015794,0
1265,1331,▁समाधान,792,0.00015794,0
1266,1526,▁औं,791,0.00015774,0
1267,1568,▁स्वतन्त्र,790,0.00015754,0
1268,1452,▁अहिलेसम्म,790,0.00015754,0
1269,1471,वे,789,0.00015734,0
1270,1836,शील,789,0.00015734,0
1271,1357,▁नियन्त्रण,789,0.00015734,0
1272,1433,▁होटल,789,0.00015734,0
1273,1641,▁हुन्छन्,788,0.00015714,0
1274,1515,▁समितिले,788,0.00015714,0
1275,1398,▁समाचार,787,0.00015694,0
1276,1474,▁सम्बन्धित,787,0.00015694,0
1277,1563,▁विधेयक,787,0.00015694,0
1278,1414,▁थाहा,787,0.00015694,0
1279,1438,▁फरक,786,0.00015674,0
1280,1432,्यू,785,0.00015655,0
1281,1416,▁बैठकले,784,0.00015635,0
1282,1447,िरहेका,783,0.00015615,0
1283,1359,▁बस्ने,783,0.00015615,0
1284,1369,▁नभए,782,0.00015595,0
1285,1444,▁ग्राहक,782,0.00015595,0
1286,1658,बे,781,0.00015575,0
1287,1449,▁विदेशी,781,0.00015575,0
1288,1555,▁पुन,779,0.00015535,0
1289,2394,ध्या,778,0.00015515,0
1290,2796,ार्थ,778,0.00015515,0
1291,1470,▁बोर्ड,778,0.00015515,0
1292,1858,दो,777,0.00015495,0
1293,1212,टि,777,0.00015495,0
1294,1337,▁बैंकको,777,0.00015495,0
1295,1570,▁आन्तरिक,777,0.00015495,0
1296,1647,▁गरिन्छ,776,0.00015475,0
1297,1332,▁मन्त्रालयले,775,0.00015455,0
1298,1719,िन्छ,775,0.00015455,0
1299,1397,▁व्यक्त,773,0.00015415,0
1300,1532,▁यात्रा,773,0.00015415,0
1301,2054,क्षण,772,0.00015395,0
1302,1627,ुहुन्छ,772,0.00015395,0
1303,1505,वन,771,0.00015375,0
1304,1157,▁स्,771,0.00015375,0
1305,1385,१९,771,0.00015375,0
1306,1304,▁बताउँछन्,771,0.00015375,0
1307,1446,▁स्पष्ट,770,0.00015355,0
1308,1859,त्ति,770,0.00015355,0
1309,1691,िलो,770,0.00015355,0
1310,1395,▁दुर्घटना,770,0.00015355,0
1311,1417,▁उपाध्यक्ष,770,0.00015355,0
1312,1477,▁२३,769,0.00015335,0
1313,1495,▁जेठ,768,0.00015316,0
1314,1790,▁आदि,768,0.00015316,0
1315,1391,चन,767,0.00015296,0
1316,1419,▁असार,766,0.00015276,0
1317,1687,▁क्षेत्रको,766,0.00015276,0
1318,1656,▁भाषा,765,0.00015256,0
1319,1408,▁था,765,0.00015256,0
1320,1618,▁अवसर,765,0.00015256,0
1321,1548,▁जसले,765,0.00015256,0
1322,1479,▁विगत,764,0.00015236,0
1323,2897,र्ति,763,0.00015216,0
1324,1556,▁गर्छन्,763,0.00015216,0
1325,2145,▁रुप,762,0.00015196,0
1326,2309,द्व,762,0.00015196,0
1327,1709,ंगा,762,0.00015196,0
1328,1644,▁ग्र,761,0.00015176,0
1329,1702,▁यसै,760,0.00015156,0
1330,1394,▁सम्मेलन,760,0.00015156,0
1331,1529,▁अन्तर्गत,759,0.00015136,0
1332,1516,▁भइ,758,0.00015116,0
1333,1815,योग,758,0.00015116,0
1334,1462,▁पौडेल,758,0.00015116,0
1335,1716,▁सिर्जना,757,0.00015096,0
1336,1772,ात्मक,756,0.00015076,0
1337,1983,च्च,756,0.00015076,0
1338,1469,आई,756,0.00015076,0
1339,1692,▁नाममा,756,0.00015076,0
1340,1755,डो,756,0.00015076,0
1341,1552,▁संरक्षण,755,0.00015056,0
1342,1661,d,752,0.00014996,0
1343,1728,चित,752,0.00014996,0
1344,1736,▁हेर्न,752,0.00014996,0
1345,1664,हे,751,0.00014976,0
1346,1475,पटक,751,0.00014976,0
1347,1531,▁लगायतका,749,0.00014937,0
1348,1530,▁जिम्मेवारी,748,0.00014917,0
1349,1440,▁घण्टा,748,0.00014917,0
1350,1660,▁एकता,748,0.00014917,0
1351,1655,▁विचार,748,0.00014917,0
1352,1335,शी,745,0.00014857,0
1353,1603,▁आवश्यकता,745,0.00014857,0
1354,1525,▁२८,745,0.00014857,0
1355,1384,▁केपी,744,0.00014837,0
1356,1424,्ती,743,0.00014817,0
1357,1448,▁रहने,743,0.00014817,0
1358,1465,▁लिग,743,0.00014817,0
1359,1914,▁पार्टीको,743,0.00014817,0
1360,1492,▁ल्याउन,742,0.00014797,0
1361,1434,▁जु,742,0.00014797,0
1362,1725,▁सिक,742,0.00014797,0
1363,1406,▁कोष,742,0.00014797,0
1364,1487,▁उपत्यका,742,0.00014797,0
1365,1536,▁आयात,741,0.00014777,0
1366,1427,▁बिहीबार,741,0.00014777,0
1367,1361,▁निर्देशक,741,0.00014777,0
1368,1616,चि,739,0.00014737,0
1369,1381,▁चितवन,739,0.00014737,0
1370,1591,▁सुझाव,738,0.00014717,0
1371,1883,्म,738,0.00014717,0
1372,1684,रहन,738,0.00014717,0
1373,1517,▁थालेको,738,0.00014717,0
1374,1887,्लो,737,0.00014697,0
1375,1560,▁नदी,737,0.00014697,0
1376,1533,▁जस्तै,736,0.00014677,0
1377,1612,▁क्रिकेट,734,0.00014637,0
1378,1626,▁थिएन,733,0.00014618,0
1379,1822,▁भू,731,0.00014578,0
1380,1761,ेशन,730,0.00014558,0
1381,1489,▁सर्वोच्च,730,0.00014558,0
1382,1823,द्र,729,0.00014538,0
1383,1717,पे,728,0.00014518,0
1384,2211,र्व,727,0.00014498,0
1385,1837,ोप,727,0.00014498,0
1386,1601,▁जस्ता,726,0.00014478,0
1387,2585,राष्ट्र,726,0.00014478,0
1388,1929,▁अर्थतन्त्र,726,0.00014478,0
1389,2251,नेपाल,725,0.00014458,0
1390,1511,▁आठ,725,0.00014458,0
1391,1876,▁यसमा,725,0.00014458,0
1392,1667,▁बाट,724,0.00014438,0
1393,1964,धान,724,0.00014438,0
1394,1663,▁प्रत्येक,724,0.00014438,0
1395,1597,▁फिर्ता,724,0.00014438,0
1396,1704,▁आधार,723,0.00014418,0
1397,1538,▁गाडी,723,0.00014418,0
1398,1554,▁यस्ता,723,0.00014418,0
1399,1693,आर,722,0.00014398,0
1400,1551,▁एन,722,0.00014398,0
1401,1547,▁२६,721,0.00014378,0
1402,1956,मेन्ट,721,0.00014378,0
1403,1342,▁’,720,0.00014358,0
1404,1739,▁सिफारिस,719,0.00014338,0
1405,1720,▁सर्,718,0.00014318,0
1406,1499,▁अभाव,718,0.00014318,0
1407,1708,बार,716,0.00014279,0
1408,1402,▁प्रवक्ता,716,0.00014279,0
1409,1698,▁यसरी,716,0.00014279,0
1410,1614,h,714,0.00014239,0
1411,1510,▁२७,714,0.00014239,0
1412,1543,▁ब्र,713,0.00014219,0
1413,1632,▁प्रभावित,712,0.00014199,0
1414,1558,▁गराउने,711,0.00014179,0
1415,1497,सम्बन्धी,710,0.00014159,0
1416,1580,▁टो,710,0.00014159,0
1417,1425,▁प्रेम,710,0.00014159,0
1418,2044,▁इतिहास,709,0.00014139,0
1419,2034,ाँच,708,0.00014119,0
1420,2140,ाइड,708,0.00014119,0
1421,1705,▁साउन,708,0.00014119,0
1422,1746,▁सम्पूर्ण,708,0.00014119,0
1423,1857,ट्ट,707,0.00014099,0
1424,1745,▁गृह,707,0.00014099,0
1425,1509,▁बसेको,707,0.00014099,0
1426,1553,▁लाग्ने,706,0.00014079,0
1427,1512,▁राजधानी,706,0.00014079,0
1428,1731,¥,705,0.00014059,0
1429,1365,▁कर्जा,704,0.00014039,0
1430,1569,▁नियम,703,0.00014019,0
1431,1630,▁मुख्यमन्त्री,703,0.00014019,0
1432,1710,▁डलर,701,0.00013979,0
1433,1923,भे,700,0.00013959,0
1434,1673,पो,700,0.00013959,0
1435,1633,▁आम,699,0.00013940,0
1436,1546,▁कृष्ण,699,0.00013940,0
1437,1534,▁विवरण,699,0.00013940,0
1438,1600,▁गम्भीर,699,0.00013940,0
1439,1648,▁कमजोर,698,0.00013920,0
1440,1850,▁कुमार,698,0.00013920,0
1441,1622,▁विकेट,697,0.00013900,0
1442,1659,▁उडान,697,0.00013900,0
1443,1450,▁बिरामी,697,0.00013900,0
1444,1866,▁देशको,696,0.00013880,0
1445,1437,▁साता,696,0.00013880,0
1446,1596,▁न्यू,695,0.00013860,0
1447,1686,रहेको,695,0.00013860,0
1448,1713,▁उत्कृष्ट,695,0.00013860,0
1449,1629,▁मन्दिर,695,0.00013860,0
1450,1594,▁टा,694,0.00013840,0
1451,2014,ल्स,694,0.00013840,0
1452,1800,▁भो,694,0.00013840,0
1453,1620,▁राख्ने,694,0.00013840,0
1454,1628,क्षा,693,0.00013820,0
1455,2194,▁लाभ,693,0.00013820,0
1456,1733,▁पाएको,693,0.00013820,0
1457,1718,▁गर्नुपर्छ,692,0.00013800,0
1458,1831,▁वर्षमा,691,0.00013780,0
1459,2130,▁गि,690,0.00013760,0
1460,1741,▁वैशाख,690,0.00013760,0
1461,1646,नगर,690,0.00013760,0
1462,1810,▁नेताहरु,688,0.00013720,0
1463,1582,▁अस्पतालमा,687,0.00013700,0
1464,1624,द्वारा,686,0.00013680,0
1465,1678,▁शीर्ष,686,0.00013680,0
1466,2021,▁रूप,686,0.00013680,0
1467,1441,ाए,685,0.00013660,0
1468,1814,▁लोक,684,0.00013640,0
1469,2114,▁पुर्,684,0.00013640,0
1470,2246,्थ्यो,682,0.00013600,0
1471,1609,▁भइसकेको,682,0.00013600,0
1472,1559,▁मान्छे,682,0.00013600,0
1473,1995,ची,682,0.00013600,0
1474,1576,▁घाइते,679,0.00013541,0
1475,1665,▁दिइ,678,0.00013521,0
1476,1809,ुहोस्,678,0.00013521,0
1477,1631,▁ज्यान,677,0.00013501,0
1478,1640,▁बढाउन,677,0.00013501,0
1479,1848,्थे,677,0.00013501,0
1480,1980,▁शब्द,676,0.00013481,0
1481,2143,▁बै,676,0.00013481,0
1482,1967,▁यसका,676,0.00013481,0
1483,1838,▁लड,675,0.00013461,0
1484,1712,▁घरमा,675,0.00013461,0
1485,1779,▁बच्चा,675,0.00013461,0
1486,1561,▁विमानस्थल,674,0.00013441,0
1487,2457,▁पाठ,674,0.00013441,0
1488,1752,▁क्ल,673,0.00013421,0
1489,1824,▁साइ,673,0.00013421,0
1490,1599,▁पाए,673,0.00013421,0
1491,2056,▁क्र,671,0.00013381,0
1492,1805,गरी,670,0.00013361,0
1493,1871,▁कार्यकर्ता,670,0.00013361,0
1494,1674,▁सम्बोधन,670,0.00013361,0
1495,1393,ेस,669,0.00013341,0
1496,1726,▁बनाएर,669,0.00013341,0
1497,1506,▁रोजगारी,669,0.00013341,0
1498,1845,ग्रह,668,0.00013321,0
1499,1643,▁बताइएको,668,0.00013321,0
1500,1689,▁अनुमति,668,0.00013321,0
1501,1700,ायो,668,0.00013321,0
1502,1696,▁अन्त्य,667,0.00013301,0
1503,1775,▁समावेश,667,0.00013301,0
1504,2310,चे,667,0.00013301,0
1505,1724,यता,667,0.00013301,0
1506,1685,▁असर,667,0.00013301,0
1507,1635,▁कारबाही,666,0.00013281,0
1508,1623,▁संगठन,666,0.00013281,0
1509,1590,▁पुग्ने,666,0.00013281,0
1510,1816,▁परे,664,0.00013242,0
1511,1598,▁प्रतिनिधिसभा,664,0.00013242,0
1512,2019,लम्ब,663,0.00013222,0
1513,2393,▁आत्म,662,0.00013202,0
1514,2670,सभा,661,0.00013182,0
1515,1855,▁कन्,661,0.00013182,0
1516,2341,दान,661,0.00013182,0
1517,1737,▁लगाउन,660,0.00013162,0
1518,1636,▁६०,660,0.00013162,0
1519,1880,▁अवसरमा,660,0.00013162,0
1520,1707,▁वस्तु,659,0.00013142,0
1521,1378,▁बीमा,659,0.00013142,0
1522,1938,▁शिव,659,0.00013142,0
1523,2168,▁नाका,659,0.00013142,0
1524,1832,▁रू,656,0.00013082,0
1525,1851,▁चिन,656,0.00013082,0
1526,1734,▁महत्वपूर्ण,656,0.00013082,0
1527,1657,▁कतिपय,656,0.00013082,0
1528,1604,▁पुल,655,0.00013062,0
1529,1754,▁आफूले,654,0.00013042,0
1530,1574,▁वे,654,0.00013042,0
1531,1793,▁आफै,654,0.00013042,0
1532,1844,▁नारायण,653,0.00013022,0
1533,1896,▁जनताको,653,0.00013022,0
1534,1750,▁कोइराला,652,0.00013002,0
1535,1796,▁खड्का,651,0.00012982,0
1536,1371,▁सवारी,650,0.00012962,0
1537,1540,▁भिडियो,649,0.00012942,0
1538,2033,▁तिन,649,0.00012942,0
1539,1747,▁राति,649,0.00012942,0
1540,1583,▁सके,648,0.00012922,0
1541,1819,▁शरीर,647,0.00012903,0
1542,2071,▁जल,647,0.00012903,0
1543,1595,▁पराजित,647,0.00012903,0
1544,2011,▁वर्ग,647,0.00012903,0
1545,2020,तः,647,0.00012903,0
1546,1986,▁दश,646,0.00012883,0
1547,1605,▁कार्यकारी,646,0.00012883,0
1548,2474,म्बा,646,0.00012883,0
1549,1773,लाल,646,0.00012883,0
1550,1579,▁महासंघ,645,0.00012863,0
1551,1682,▁निर्वाचित,645,0.00012863,0
1552,1895,▁अनुभव,644,0.00012843,0
1553,1727,▁सक्रिय,643,0.00012823,0
1554,1578,▁पुष्टि,643,0.00012823,0
1555,1572,▁आदेश,641,0.00012783,0
1556,1680,▁थाल,641,0.00012783,0
1557,1798,▁आर,641,0.00012783,0
1558,1827,ाउँ,640,0.00012763,0
1559,1901,▁पार्टीका,640,0.00012763,0
1560,1862,क्का,639,0.00012743,0
1561,2098,▁स्तर,639,0.00012743,0
1562,1607,िता,639,0.00012743,0
1563,1759,▁लु,638,0.00012723,0
1564,1893,▁पक्षमा,638,0.00012723,0
1565,1774,▁चर्चा,638,0.00012723,0
1566,1575,▁आए,637,0.00012703,0
1567,1792,ँदा,637,0.00012703,0
1568,1638,▁महामारी,637,0.00012703,0
1569,1593,▁थिइन्,637,0.00012703,0
1570,1653,▁गुनासो,637,0.00012703,0
1571,2177,क्ति,637,0.00012703,0
1572,2294,ठो,637,0.00012703,0
1573,1703,▁यातायात,636,0.00012683,0
1574,1926,श्व,635,0.00012663,0
1575,1803,युक्त,635,0.00012663,0
1576,1675,▁संशोधन,635,0.00012663,0
1577,1711,▁नसकेको,633,0.00012623,0
1578,1744,▁आयोगले,633,0.00012623,0
1579,2410,मेल,633,0.00012623,0
1580,1757,▁अनुमान,633,0.00012623,0
1581,1740,▁पश्चिम,633,0.00012623,0
1582,1651,▁उद्देश्य,632,0.00012603,0
1583,1545,हान,631,0.00012583,0
1584,1795,▁संलग्न,631,0.00012583,0
1585,1833,▁परीक्षा,631,0.00012583,0
1586,2051,▁राजा,631,0.00012583,0
1587,1829,▁लागू,630,0.00012563,0
1588,1581,▁दशमलव,630,0.00012563,0
1589,3001,प्ट,629,0.00012544,0
1590,1786,▁महानगरपालिका,629,0.00012544,0
1591,1846,▁त्रि,629,0.00012544,0
1592,1608,▁बालबालिका,629,0.00012544,0
1593,1458,▁खोप,629,0.00012544,0
1594,1802,▁बी,628,0.00012524,0
1595,1701,▁२९,628,0.00012524,0
1596,1723,▁समन्वय,627,0.00012504,0
1597,1852,▁!,627,0.00012504,0
1598,1894,▁पहल,626,0.00012484,0
1599,1760,▁निर्वाचनमा,626,0.00012484,0
1600,1830,▁आफूलाई,626,0.00012484,0
1601,1794,▁यति,626,0.00012484,0
1602,1694,▁पेश,624,0.00012444,0
1603,2030,y,624,0.00012444,0
1604,3196,▁श्र,624,0.00012444,0
1605,1935,▁उपभोक्ता,623,0.00012424,0
1606,2109,प्ल,623,0.00012424,0
1607,2036,▁धान,623,0.00012424,0
1608,2038,ियर,622,0.00012404,0
1609,1690,▁पुगेका,621,0.00012384,0
1610,1776,▁वर्षा,621,0.00012384,0
1611,1771,▁छोरा,620,0.00012364,0
1612,2024,▁तामाङ,619,0.00012344,0
1613,1783,▁हुनुपर्ने,619,0.00012344,0
1614,1996,बाटै,619,0.00012344,0
1615,1488,▁कार्की,619,0.00012344,0
1616,1768,▁राखेर,619,0.00012344,0
1617,1756,▁शान्ति,618,0.00012324,0
1618,1849,▁बस्न,617,0.00012304,0
1619,1916,▁प्रतिस्पर्धा,617,0.00012304,0
1620,1639,▁पूर्वाधार,617,0.00012304,0
1621,1902,यन,616,0.00012284,0
1622,2139,g,615,0.00012264,0
1623,1879,▁क्षेत्रका,615,0.00012264,0
1624,1619,▁श्रेष्ठले,615,0.00012264,0
1625,1812,▁समितिको,615,0.00012264,0
1626,2002,▁संस्कृति,615,0.00012264,0
1627,1589,▁संकलन,614,0.00012244,0
1628,1784,▁श्री,614,0.00012244,0
1629,1899,स्प,613,0.00012224,0
1630,2000,िएर,612,0.00012205,0
1631,1835,बन्दी,611,0.00012185,0
1632,1714,कर्ता,611,0.00012185,0
1633,1946,णी,609,0.00012145,0
1634,1870,एल,609,0.00012145,0
1635,1753,▁३५,608,0.00012125,0
1636,1606,द्,606,0.00012085,0
1637,1785,▁जी,606,0.00012085,0
1638,1804,▁साह,605,0.00012065,0
1639,1770,▁पुग,605,0.00012065,0
1640,1742,▁कमिटी,605,0.00012065,0
1641,1743,▁हालसम्म,604,0.00012045,0
1642,1979,▁भारतको,603,0.00012025,0
1643,1886,▁बन्ने,603,0.00012025,0
1644,1988,▁कहिले,601,0.00011985,0
1645,1906,▁खट,601,0.00011985,0
1646,1892,▁साथी,601,0.00011985,0
1647,2182,▁जग,599,0.00011945,0
1648,1864,▁अधिकांश,599,0.00011945,0
1649,1960,▁प्रदेशसभा,599,0.00011945,0
1650,1872,▁ल्याए,599,0.00011945,0
1651,2079,▁दिवस,598,0.00011925,0
1652,2432,बन्ध,597,0.00011905,0
1653,1891,▁सानो,597,0.00011905,0
1654,2249,▁त्यसका,597,0.00011905,0
1655,1669,▁पोखरेल,597,0.00011905,0
1656,1949,▁संसदीय,596,0.00011885,0
1657,1959,▁पहिचान,596,0.00011885,0
1658,2055,▁योगदान,596,0.00011885,0
1659,1874,▁मिटर,596,0.00011885,0
1660,1666,▁देउवा,596,0.00011885,0
1661,2093,▁औ,595,0.00011866,0
1662,1922,▁वार्षिक,595,0.00011866,0
1663,1915,▁सकिए,595,0.00011866,0
1664,2327,ट्र,594,0.00011846,0
1665,1884,▁खुला,594,0.00011846,0
1666,2017,▁जति,594,0.00011846,0
1667,1903,हाल,593,0.00011826,0
1668,1676,▁उमेर,593,0.00011826,0
1669,1738,▁भुक्तानी,591,0.00011786,0
1670,1637,▁समाजवादी,590,0.00011766,0
1671,1799,▁हरि,590,0.00011766,0
1672,1860,वटा,588,0.00011726,0
1673,1905,▁फो,588,0.00011726,0
1674,1954,▁पुस्तक,588,0.00011726,0
1675,1840,▁गति,587,0.00011706,0
1676,2234,▁गैर,587,0.00011706,0
1677,1826,▁हट,587,0.00011706,0
1678,1918,▁खुल,587,0.00011706,0
1679,2144,▁सकेन,587,0.00011706,0
1680,1932,▁एकै,587,0.00011706,0
1681,1807,▁थापाले,586,0.00011686,0
1682,1782,▁फागुन,586,0.00011686,0
1683,1900,▁गर्नेछ,586,0.00011686,0
1684,2006,▁कुन,585,0.00011666,0
1685,2707,्दो,585,0.00011666,0
1686,2260,▁साहित्य,585,0.00011666,0
1687,1869,▁भदौ,584,0.00011646,0
1688,3699,ब्ब,584,0.00011646,0
1689,2122,▁तपाईंको,584,0.00011646,0
1690,1930,▁आम्दानी,584,0.00011646,0
1691,2273,▁व्या,583,0.00011626,0
1692,2129,▁स्थिति,583,0.00011626,0
1693,2216,घर,582,0.00011606,0
1694,1953,ाउनु,581,0.00011586,0
1695,1944,००,580,0.00011566,0
1696,1679,▁राखिएको,580,0.00011566,0
1697,2060,▁देखाए,580,0.00011566,0
1698,1789,▁माघ,580,0.00011566,0
1699,2214,कुल,579,0.00011546,0
1700,1917,▁पाण्डे,579,0.00011546,0
1701,2074,वान,579,0.00011546,0
1702,1924,▁समान,578,0.00011527,0
1703,2170,वासी,578,0.00011527,0
1704,1813,▁अवधिमा,578,0.00011527,0
1705,2061,;,577,0.00011507,0
1706,2066,▁कल,577,0.00011507,0
1707,2059,▁पारे,577,0.00011507,0
1708,1952,▁ठूला,577,0.00011507,0
1709,2210,b,576,0.00011487,0
1710,1767,सकेको,576,0.00011487,0
1711,1856,▁शाह,576,0.00011487,0
1712,1787,अन्तर्गत,575,0.00011467,0
1713,2013,याँ,573,0.00011427,0
1714,1897,▁कथा,573,0.00011427,0
1715,1749,▁कानून,572,0.00011407,0
1716,2100,▁सहर,572,0.00011407,0
1717,2738,ेयर,572,0.00011407,0
1718,1808,▁तर्फबाट,571,0.00011387,0
1719,1873,▁शिक्षक,571,0.00011387,0
1720,1947,▁अघिल्लो,571,0.00011387,0
1721,2148,कृति,570,0.00011367,0
1722,2173,▁देशका,570,0.00011367,0
1723,1881,▁प्राथमिकता,570,0.00011367,0
1724,2037,▁विकल्प,569,0.00011347,0
1725,1972,▁शो,568,0.00011327,0
1726,1828,बो,568,0.00011327,0
1727,1993,▁छोरी,568,0.00011327,0
1728,1908,▁अर्का,568,0.00011327,0
1729,1962,▁संसद्,568,0.00011327,0
1730,1699,▁हिमाल,568,0.00011327,0
1731,1748,▁कलेज,567,0.00011307,0
1732,1758,खे,567,0.00011307,0
1733,1801,▁लकडाउन,567,0.00011307,0
1734,2473,▁व्य,566,0.00011287,0
1735,1971,ाइने,566,0.00011287,0
1736,2102,▁वै,566,0.00011287,0
1737,1978,▁पारित,566,0.00011287,0
1738,1732,▁खबर,566,0.00011287,0
1739,1957,शु,566,0.00011287,0
1740,2008,▁देशमा,565,0.00011267,0
1741,1843,▁मध्ये,565,0.00011267,0
1742,2077,▁स्थायी,565,0.00011267,0
1743,1662,▁फुटबल,565,0.00011267,0
1744,2105,▁गर्नुहोस्,565,0.00011267,0
1745,2425,▁अन्त,564,0.00011247,0
1746,2053,▁पास,564,0.00011247,0
1747,1907,▁सञ्चालनमा,564,0.00011247,0
1748,2097,▁विरुद्ध,563,0.00011227,0
1749,1642,▁उनीहरु,563,0.00011227,0
1750,2303,▁खर्ब,563,0.00011227,0
1751,1806,▁दिइएको,563,0.00011227,0
1752,1865,▁महाधिवेशन,563,0.00011227,0
1753,2016,▁सङ्घ,562,0.00011207,0
1754,1977,▁नप,561,0.00011187,0
1755,1882,▁जवाफ,561,0.00011187,0
1756,1729,▁साधन,559,0.00011148,0
1757,2223,▁तुल,559,0.00011148,0
1758,1817,▁गौतम,559,0.00011148,0
1759,2578,वेद,558,0.00011128,0
1760,1777,▁ल्याएको,558,0.00011128,0
1761,2133,▁मेयर,558,0.00011128,0
1762,1969,बाहेक,558,0.00011128,0
1763,1970,▁आचार्य,557,0.00011108,0
1764,2095,▁पदाधिकारी,557,0.00011108,0
1765,1912,त्ता,556,0.00011088,0
1766,1722,▁मतदान,555,0.00011068,0
1767,2125,▁छनोट,555,0.00011068,0
1768,1920,पूर्व,555,0.00011068,0
1769,1825,▁कर्णाली,555,0.00011068,0
1770,2089,▁निगम,555,0.00011068,0
1771,2152,▁गर्नुभएको,554,0.00011048,0
1772,1991,▁सार,554,0.00011048,0
1773,2064,ुभयो,554,0.00011048,0
1774,1982,र्ने,553,0.00011028,0
1775,1910,▁सूची,552,0.00011008,0
1776,2518,ल्यान्ड,552,0.00011008,0
1777,2212,▁रोक्न,552,0.00011008,0
1778,1797,ठा,550,0.00010968,0
1779,1839,▁जम्मा,550,0.00010968,0
1780,1706,्नुपर्ने,550,0.00010968,0
1781,2331,▁सक्दैन,550,0.00010968,0
1782,1927,▁नियमित,550,0.00010968,0
1783,2069,▁लागे,549,0.00010948,0
1784,2238,▁हुनुपर्छ,549,0.00010948,0
1785,2096,▁त्यसलाई,548,0.00010928,0
1786,1955,▁सञ्चार,548,0.00010928,0
1787,1885,▁नौ,548,0.00010928,0
1788,1765,▁गए,548,0.00010928,0
1789,2159,(,547,0.00010908,0
1790,2015,▁रहन,547,0.00010908,0
1791,1934,बद्ध,547,0.00010908,0
1792,2257,▁समर्थन,547,0.00010908,0
1793,2091,▁आफु,547,0.00010908,0
1794,2199,फी,547,0.00010908,0
1795,1981,र्ष,546,0.00010888,0
1796,2031,▁तत्कालीन,546,0.00010888,0
1797,1974,▁बढ्न,546,0.00010888,0
1798,1931,▁चिनियाँ,546,0.00010888,0
1799,2791,▁प्रचार,546,0.00010888,0
1800,1942,▁असोज,546,0.00010888,0
1801,1888,▁पौडेलले,545,0.00010868,0
1802,1791,२०,544,0.00010848,0
1803,2236,▁व्यवहार,544,0.00010848,0
1804,2018,▁खेती,544,0.00010848,0
1805,2007,5,543,0.00010829,0
1806,2183,▁मूल,542,0.00010809,0
1807,2167,▁सर्वसाधारण,542,0.00010809,0
1808,1961,▁भनिएको,542,0.00010809,0
1809,2744,टिभ,542,0.00010809,0
1810,2063,▁धा,541,0.00010789,0
1811,2138,▁निरन्तर,541,0.00010789,0
1812,1911,▁जापान,541,0.00010789,0
1813,1820,▁वरिष्ठ,541,0.00010789,0
1814,2132,चर,540,0.00010769,0
1815,2052,▁पुँजी,540,0.00010769,0
1816,1672,▁चौधरी,540,0.00010769,0
1817,1941,▁प्रमाण,539,0.00010749,0
1818,1968,▁सामान,538,0.00010729,0
1819,2112,▁टी,538,0.00010729,0
1820,1948,▁मार्फत,538,0.00010729,0
1821,2081,▁ल्याउने,538,0.00010729,0
1822,2127,▁बित,537,0.00010709,0
1823,2169,▁आँ,537,0.00010709,0
1824,1909,▁समितिका,537,0.00010709,0
1825,2108,▁निस्क,537,0.00010709,0
1826,2160,▁प्रो,536,0.00010689,0
1827,3143,र्भ,536,0.00010689,0
1828,2229,▁सम्भव,536,0.00010689,0
1829,2147,▁अपराध,535,0.00010669,0
1830,2621,भाग,535,0.00010669,0
1831,2094,▁झा,535,0.00010669,0
1832,2065,▁प्रतिशतले,535,0.00010669,0
1833,1925,▁कस्तो,535,0.00010669,0
1834,2667,▁साँ,534,0.00010649,0
1835,2252,▁जहाँ,534,0.00010649,0
1836,1904,▁पुस,534,0.00010649,0
1837,2042,▁सम्झ,533,0.00010629,0
1838,1877,▁संयोजक,533,0.00010629,0
1839,2592,▁योग,533,0.00010629,0
1840,2156,▁मल,532,0.00010609,0
1841,2221,्याउन,532,0.00010609,0
1842,2040,▁भन्छन्,532,0.00010609,0
1843,1950,▁३१,531,0.00010589,0
1844,1464,चो,530,0.00010569,0
1845,1889,▁केहि,530,0.00010569,0
1846,2025,▁३२,529,0.00010549,0
1847,2135,▁मोबाइल,529,0.00010549,0
1848,1913,▁विवाह,529,0.00010549,0
1849,2049,▁खेलकुद,529,0.00010549,0
1850,2328,▁काट,528,0.00010529,0
1851,2010,▁देशभर,528,0.00010529,0
1852,1921,लगायतका,527,0.00010509,0
1853,2338,▁दलका,527,0.00010509,0
1854,1998,▁२००,527,0.00010509,0
1855,2379,र्प,526,0.00010490,0
1856,2073,जो,526,0.00010490,0
1857,1985,▁बताइन्,526,0.00010490,0
1858,2606,ान्तर,526,0.00010490,0
1859,2698,▁अति,525,0.00010470,0
1860,2072,▁सहकार्य,525,0.00010470,0
1861,1834,▁शुल्क,524,0.00010450,0
1862,2012,▁प्रभावकारी,523,0.00010430,0
1863,2196,▁बलियो,523,0.00010430,0
1864,2099,▁सम्बन्धी,522,0.00010410,0
1865,2035,▁बनेका,522,0.00010410,0
1866,1997,▁सुरक्षित,522,0.00010410,0
1867,2161,▁कांग्रेसका,522,0.00010410,0
1868,2142,▁राजस्व,521,0.00010390,0
1869,1863,▁राखेको,520,0.00010370,0
1870,1898,▁बताउँदै,520,0.00010370,0
1871,1984,▁सञ्जाल,520,0.00010370,0
1872,1973,प्प,519,0.00010350,0
1873,2009,▁मौसम,519,0.00010350,0
1874,2090,▁बढ्दै,519,0.00010350,0
1875,2119,▁कार्यालयले,519,0.00010350,0
1876,2004,▁औषधि,519,0.00010350,0
1877,2116,ल्याण्ड,518,0.00010330,0
1878,2085,▁विश्वविद्यालय,518,0.00010330,0
1879,2248,▁बहु,517,0.00010310,0
1880,1781,रिया,517,0.00010310,0
1881,2271,▁भ्रष्टाचार,516,0.00010290,0
1882,2332,▁विद्युत,516,0.00010290,0
1883,2368,स्ती,515,0.00010270,0
1884,2244,▁बने,515,0.00010270,0
1885,2446,▁नागरिकता,515,0.00010270,0
1886,1868,▁फु,514,0.00010250,0
1887,2245,▁तुलनामा,514,0.00010250,0
1888,2153,▁खनाल,514,0.00010250,0
1889,2107,▁चिकित्सक,514,0.00010250,0
1890,2101,▁अग्र,513,0.00010230,0
1891,1875,न्द्र,513,0.00010230,0
1892,3026,सक्नु,512,0.00010210,0
1893,1890,▁छोड,512,0.00010210,0
1894,2445,▁पूजा,512,0.00010210,0
1895,2855,▁माइ,511,0.00010190,0
1896,2001,▁आक्रमण,511,0.00010190,0
1897,1861,▁वाणिज्य,511,0.00010190,0
1898,2115,▁पाएका,511,0.00010190,0
1899,2162,▁पुग्न,510,0.00010170,0
1900,2204,▁उद्घाटन,510,0.00010170,0
1901,2330,▁भाडा,510,0.00010170,0
1902,2250,▁रहेछ,510,0.00010170,0
1903,1818,▁गरेकी,509,0.00010151,0
1904,2058,▁दिँदै,509,0.00010151,0
1905,2227,▁सुन्दर,509,0.00010151,0
1906,2027,▁गरिएका,508,0.00010131,0
1907,2045,▁पुरस्कार,508,0.00010131,0
1908,2440,▁उपयोग,507,0.00010111,0
1909,1847,▁फोन,507,0.00010111,0
1910,2067,▁लाग्छ,507,0.00010111,0
1911,2350,▁अर्थात्,506,0.00010091,0
1912,2163,मात्र,506,0.00010091,0
1913,2259,▁साम,506,0.00010091,0
1914,2300,▁अरू,505,0.00010071,0
1915,1951,▁प्रकाशित,505,0.00010071,0
1916,2241,▁चुनौती,505,0.00010071,0
1917,2151,▁धु,505,0.00010071,0
1918,2087,▁नसक्ने,505,0.00010071,0
1919,2121,▁अधिकारीले,504,0.00010051,0
1920,2146,ाइज,504,0.00010051,0
1921,2267,पू,503,0.00010031,0
1922,2181,▁भै,503,0.00010031,0
1923,1613,▁सहकारी,503,0.00010031,0
1924,2654,ङ्गा,502,0.00010011,0
1925,2134,▁मिनेटमा,502,0.00010011,0
1926,2203,▁मिति,502,0.00010011,0
1927,2346,▁सम्बन्धमा,499,0.00009951,0
1928,2172,▁सचेत,499,0.00009951,0
1929,2124,▁यू,499,0.00009951,0
1930,2240,▁ओभर,499,0.00009951,0
1931,2269,▁नेतृत्वको,498,0.00009931,0
1932,1939,▁सञ्चालक,497,0.00009911,0
1933,2222,▁लिएका,497,0.00009911,0
1934,3037,▁घो,496,0.00009891,0
1935,1987,▁टोलीले,496,0.00009891,0
1936,2591,▁पुर,495,0.00009871,0
1937,1928,▁चरण,495,0.00009871,0
1938,2041,▁नजिक,495,0.00009871,0
1939,2293,▁पसल,495,0.00009871,0
1940,2411,▁परिणाम,494,0.00009851,0
1941,1867,▁लगानीकर्ता,494,0.00009851,0
1942,2154,▁त्यस्तो,493,0.00009831,0
1943,2490,नीय,493,0.00009831,0
1944,1763,ाइन,493,0.00009831,0
1945,2048,▁साँझ,493,0.00009831,0
1946,2123,▁मापदण्ड,492,0.00009811,0
1947,2458,▁कार,492,0.00009811,0
1948,2198,▁अझ,492,0.00009811,0
1949,2190,▁साना,492,0.00009811,0
1950,2218,3,491,0.00009792,0
1951,2669,▁कला,491,0.00009792,0
1952,2046,▁बढ्ने,491,0.00009792,0
1953,1999,▁उनीहरुले,491,0.00009792,0
1954,2429,▁मधेस,491,0.00009792,0
1955,2287,▁पहिरो,491,0.00009792,0
1956,2028,▁शहर,491,0.00009792,0
1957,2005,▁खण्ड,490,0.00009772,0
1958,2299,फे,490,0.00009772,0
1959,2086,▁श्रम,490,0.00009772,0
1960,2519,▁स्या,490,0.00009772,0
1961,2205,▁यता,490,0.00009772,0
1962,2529,सके,489,0.00009752,0
1963,2326,▁एक्स,489,0.00009752,0
1964,2023,▁विराटनगर,489,0.00009752,0
1965,2220,▁जुट,488,0.00009732,0
1966,2197,▁त्यसैगरी,488,0.00009732,0
1967,2274,▁ट्या,488,0.00009732,0
1968,2029,▁कडा,487,0.00009712,0
1969,1937,▁छिन्,487,0.00009712,0
1970,2118,▁बुद्ध,487,0.00009712,0
1971,2032,▁सरकारलाई,487,0.00009712,0
1972,2155,▁निकाल,486,0.00009692,0
1973,2076,▁धारणा,486,0.00009692,0
1974,2276,▁सम्पत्ति,486,0.00009692,0
1975,1811,▁कलाकार,485,0.00009672,0
1976,2176,▁प्रत्यक्ष,484,0.00009652,0
1977,2512,▁सिट,484,0.00009652,0
1978,2534,▁भनी,483,0.00009632,0
1979,2623,द्द,482,0.00009612,0
1980,2270,▁रात,482,0.00009612,0
1981,2514,िटी,482,0.00009612,0
1982,1965,▁“,481,0.00009592,0
1983,2403,▁छौँ,481,0.00009592,0
1984,2358,▁भएन,481,0.00009592,0
1985,2207,▁नियुक्त,481,0.00009592,0
1986,2192,▁लिमिटेड,481,0.00009592,0
1987,2062,▁भौतिक,480,0.00009572,0
1988,2639,▁सब,480,0.00009572,0
1989,2372,▁तल,479,0.00009552,0
1990,2308,▁हक,479,0.00009552,0
1991,2057,वाह,479,0.00009552,0
1992,2337,▁तय,479,0.00009552,0
1993,2435,▁हुनुहुन्छ,479,0.00009552,0
1994,2175,▁जसमा,478,0.00009532,0
1995,2103,▁सहभागिता,478,0.00009532,0
1996,2851,▁यौन,477,0.00009512,0
1997,2131,▁तरिका,477,0.00009512,0
1998,2242,देव,477,0.00009512,0
1999,2376,िँदै,477,0.00009512,0
2000,2374,▁हटाउन,476,0.00009492,0
2001,1842,▁पीडित,476,0.00009492,0
2002,2515,▁चलाउन,476,0.00009492,0
2003,2371,▁संसार,476,0.00009492,0
2004,2491,k,475,0.00009472,0
2005,2050,▁मन्त्रालयका,475,0.00009472,0
2006,2150,▁अर्,475,0.00009472,0
2007,2265,▁प्रधान,475,0.00009472,0
2008,2217,▁फैल,475,0.00009472,0
2009,1992,▁चरणमा,475,0.00009472,0
2010,2644,िँदा,475,0.00009472,0
2011,2355,▁विधि,475,0.00009472,0
2012,2262,▁लामा,475,0.00009472,0
2013,2339,▁निश्चित,474,0.00009453,0
2014,2351,▁भट्टराई,474,0.00009453,0
2015,2149,▁कित्ता,473,0.00009433,0
2016,2189,▁दिनुभयो,472,0.00009413,0
2017,2323,▁तहमा,471,0.00009393,0
2018,2164,▁गतिविधि,471,0.00009393,0
2019,2384,▁हस्ताक्षर,471,0.00009393,0
2020,2674,क्षक,471,0.00009393,0
2021,2361,▁विज्ञान,471,0.00009393,0
2022,1963,▁अनुगमन,470,0.00009373,0
2023,2022,▁एम,470,0.00009373,0
2024,2389,▁कप,470,0.00009373,0
2025,2178,▁बग,470,0.00009373,0
2026,2302,▁माध्यम,470,0.00009373,0
2027,2088,▁यात्रु,470,0.00009373,0
2028,1730,ानी,469,0.00009353,0
2029,1943,▁भूकम्प,469,0.00009353,0
2030,2336,▁एसिया,468,0.00009333,0
2031,3346,भक्त,468,0.00009333,0
2032,2366,er,467,0.00009313,0
2033,2003,कर्मी,467,0.00009313,0
2034,1975,▁प्राविधिक,467,0.00009313,0
2035,2136,एफ,467,0.00009313,0
2036,2264,▁तथ्यांक,467,0.00009313,0
2037,2442,त्री,467,0.00009313,0
2038,2292,▁सन्दर्भ,467,0.00009313,0
2039,2549,!,467,0.00009313,0
2040,2370,▁उनीहरूको,466,0.00009293,0
2041,2289,▁लगाएको,465,0.00009273,0
2042,2378,पर्ने,465,0.00009273,0
2043,2417,▁नेतृत्वमा,465,0.00009273,0
2044,2106,▁मंसिर,465,0.00009273,0
2045,2286,ज्ञ,464,0.00009253,0
2046,2078,▁स्प,464,0.00009253,0
2047,2680,▁देखे,464,0.00009253,0
2048,2111,▁भण्डारी,463,0.00009233,0
2049,2340,▁अर्थमन्त्री,463,0.00009233,0
2050,2166,▁बाढी,463,0.00009233,0
2051,2485,▁पहुँच,462,0.00009213,0
2052,1683,्री,461,0.00009193,0
2053,1966,▁परियोजना,461,0.00009193,0
2054,2258,▁हप्ता,461,0.00009193,0
2055,2113,▁गएका,461,0.00009193,0
2056,1989,▁विद्युत्,460,0.00009173,0
2057,2317,▁स्थित,460,0.00009173,0
2058,2483,▁वर्तमान,460,0.00009173,0
2059,2239,▁त्यति,460,0.00009173,0
2060,2433,▁उदाहरण,460,0.00009173,0
2061,2563,S,459,0.00009153,0
2062,2449,▁अपेक्षा,459,0.00009153,0
2063,2120,▁सचिवालय,459,0.00009153,0
2064,2342,÷,459,0.00009153,0
2065,2228,ट्टा,458,0.00009133,0
2066,1919,▁हर,458,0.00009133,0
2067,2785,▁जम,458,0.00009133,0
2068,2202,▁चयन,458,0.00009133,0
2069,2468,▁स्थल,458,0.00009133,0
2070,2126,▁गर्यो,458,0.00009133,0
2071,2666,क्रान्ति,458,0.00009133,0
2072,2600,▁बुझ्न,457,0.00009114,0
2073,2295,▁महानगर,457,0.00009114,0
2074,2219,▁हिँड,457,0.00009114,0
2075,2367,▁कसैले,457,0.00009114,0
2076,2110,▁सम्पर्क,457,0.00009114,0
2077,2184,:,455,0.00009074,0
2078,2329,ग्राम,455,0.00009074,0
2079,2353,▁भविष्य,455,0.00009074,0
2080,2416,▁उपस्थिति,455,0.00009074,0
2081,2359,▁संकट,455,0.00009074,0
2082,2253,▁भूमि,454,0.00009054,0
2083,2472,हामी,454,0.00009054,0
2084,2187,▁काँग्रेस,454,0.00009054,0
2085,2288,▁सकारात्मक,454,0.00009054,0
2086,2083,▁लगाउने,453,0.00009034,0
2087,2215,▁४५,453,0.00009034,0
2088,1994,▁खाना,453,0.00009034,0
2089,2171,▁चन्द्र,452,0.00009014,0
2090,2352,▁हामीलाई,452,0.00009014,0
2091,2465,▁सपना,452,0.00009014,0
2092,2275,▁दायर,451,0.00008994,0
2093,2574,ब्र,451,0.00008994,0
2094,2558,▁बदल,451,0.00008994,0
2095,2070,▁अनुदान,450,0.00008974,0
2096,2398,▁तेल,450,0.00008974,0
2097,2397,▁प्रहार,450,0.00008974,0
2098,2522,▁सक्छन्,450,0.00008974,0
2099,2551,▁फाइदा,450,0.00008974,0
2100,2599,्याउने,449,0.00008954,0
2101,2255,▁विज्ञप्ति,448,0.00008934,0
2102,2693,▁मानिसहरू,448,0.00008934,0
2103,2488,▁आउँछ,448,0.00008934,0
2104,2618,▁धार्मिक,448,0.00008934,0
2105,2314,▁विश्वकप,448,0.00008934,0
2106,2390,▁उनीहरूले,448,0.00008934,0
2107,1976,▁कक्षा,448,0.00008934,0
2108,2188,▁वैदेशिक,447,0.00008914,0
2109,2441,▁पुरानो,447,0.00008914,0
2110,2322,▁दुःख,447,0.00008914,0
2111,2334,▁ज्ञान,446,0.00008894,0
2112,2313,▁उनीहरुको,446,0.00008894,0
2113,2043,▁आयोजित,446,0.00008894,0
2114,2576,ठी,446,0.00008894,0
2115,2305,आइ,445,0.00008874,0
2116,2157,▁पठाए,445,0.00008874,0
2117,3042,्दी,445,0.00008874,0
2118,2532,▁विजय,445,0.00008874,0
2119,2501,▁घुम,445,0.00008874,0
2120,2407,▁शर्माले,445,0.00008874,0
2121,2281,▁उसले,445,0.00008874,0
2122,2716,v,444,0.00008854,0
2123,2128,▁नियन्त्रणमा,444,0.00008854,0
2124,2399,▁लिए,444,0.00008854,0
2125,2158,मार्ग,444,0.00008854,0
2126,2566,देवी,444,0.00008854,0
2127,2047,▁अवधि,444,0.00008854,0
2128,2206,▁लागी,444,0.00008854,0
2129,2320,▁पारेको,443,0.00008834,0
2130,2527,स्तर,443,0.00008834,0
2131,2278,निया,443,0.00008834,0
2132,2026,▁७०,442,0.00008814,0
2133,2298,▁हल,441,0.00008794,0
2134,2419,▁गएर,441,0.00008794,0
2135,2364,▁आवेदन,441,0.00008794,0
2136,2224,▁रिपोर्ट,441,0.00008794,0
2137,2408,▁कोही,441,0.00008794,0
2138,2547,▁लाग्न,441,0.00008794,0
2139,2480,▁झु,441,0.00008794,0
2140,2467,▁पाइन्छ,440,0.00008775,0
2141,2497,ग्र,440,0.00008775,0
2142,2406,▁भन्सार,439,0.00008755,0
2143,2039,▁पदार्थ,439,0.00008755,0
2144,2165,▁भएपनि,439,0.00008755,0
2145,2405,▁एउटै,439,0.00008755,0
2146,2304,▁बैंकका,438,0.00008735,0
2147,2569,सिंह,438,0.00008735,0
2148,2658,मण्डल,437,0.00008715,0
2149,2476,▁स्थापित,437,0.00008715,0
2150,2572,बाबु,437,0.00008715,0
2151,2282,▁दिउँसो,436,0.00008695,0
2152,2452,▁भनि,436,0.00008695,0
2153,2226,▁ढकाल,436,0.00008695,0
2154,2279,▁निवास,436,0.00008695,0
2155,2447,▁मान्यता,435,0.00008675,0
2156,2247,▁तालिम,435,0.00008675,0
2157,2873,शास्त्र,435,0.00008675,0
2158,2402,▁गर्नुभयो,435,0.00008675,0
2159,2296,▁सालमा,435,0.00008675,0
2160,2503,4,434,0.00008655,0
2161,2437,▁अन्,434,0.00008655,0
2162,2546,्दछ,434,0.00008655,0
2163,2307,r,434,0.00008655,0
2164,2616,बेला,434,0.00008655,0
2165,2369,▁ट्रे,434,0.00008655,0
2166,2280,▁लाइन,433,0.00008635,0
2167,2466,▁महत्व,433,0.00008635,0
2168,2535,▁डर,432,0.00008615,0
2169,2382,▁आशा,431,0.00008595,0
2170,2396,▁न्यु,430,0.00008575,0
2171,2318,▁गुम,430,0.00008575,0
2172,2263,▁३३,429,0.00008555,0
2173,2552,▁खो,429,0.00008555,0
2174,2360,▁जनाएका,429,0.00008555,0
2175,2650,▁उपस्थित,429,0.00008555,0
2176,2333,▁घटेको,429,0.00008555,0
2177,2117,▁नगद,429,0.00008555,0
2178,2479,▁कालो,429,0.00008555,0
2179,2470,स्थान,428,0.00008535,0
2180,2454,▁निर्यात,428,0.00008535,0
2181,2283,▁एकीकृत,428,0.00008535,0
2182,2420,▁क्रम,428,0.00008535,0
2183,2604,▁सशस्त्र,428,0.00008535,0
2184,2489,▁अधिवेशन,427,0.00008515,0
2185,2385,▁शाही,427,0.00008515,0
2186,3113,त्स,426,0.00008495,0
2187,2319,▁रोजगार,426,0.00008495,0
2188,2451,▁खोजी,426,0.00008495,0
2189,2874,यू,426,0.00008495,0
2190,2703,▁काठ,425,0.00008475,0
2191,2444,▁संचालन,425,0.00008475,0
2192,2634,▁कमी,425,0.00008475,0
2193,2588,▁त्यसै,424,0.00008455,0
2194,2500,▁भ्या,424,0.00008455,0
2195,2642,कृष्ण,424,0.00008455,0
2196,2084,▁८०,424,0.00008455,0
2197,2711,▁मल्ल,424,0.00008455,0
2198,2539,▁युद्ध,424,0.00008455,0
2199,2237,धार,423,0.00008435,0
2200,2439,▁समेट,423,0.00008435,0
2201,1990,यर,422,0.00008416,0
2202,2277,▁पार्न,422,0.00008416,0
2203,2193,▁खाता,422,0.00008416,0
2204,2436,▁स्वीकार,422,0.00008416,0
2205,2477,▁नगर्ने,421,0.00008396,0
2206,2373,▁शेरबहादुर,421,0.00008396,0
2207,2631,▁सही,421,0.00008396,0
2208,2413,▁फ्र,420,0.00008376,0
2209,2383,औं,420,0.00008376,0
2210,2560,▁सत्य,420,0.00008376,0
2211,2345,▁थालेका,420,0.00008376,0
2212,2709,▁डी,420,0.00008376,0
2213,1958,▁राहत,420,0.00008376,0
2214,2230,▁वार्ता,420,0.00008376,0
2215,2200,▁सभामुख,419,0.00008356,0
2216,2233,▁आँखा,419,0.00008356,0
2217,2450,▁दिएर,419,0.00008356,0
2218,2180,▁पाकिस्तान,418,0.00008336,0
2219,3134,▁मधेश,418,0.00008336,0
2220,2401,▁देखिए,417,0.00008316,0
2221,3559,▁गर्भ,417,0.00008316,0
2222,2174,▁बेलायत,417,0.00008316,0
2223,2611,▁पठ,416,0.00008296,0
2224,2418,▁पुगे,416,0.00008296,0
2225,2231,▁बेच,416,0.00008296,0
2226,2431,स्ट्र,415,0.00008276,0
2227,2460,जस्तो,415,0.00008276,0
2228,2225,▁चालक,415,0.00008276,0
2229,2412,▁चालु,415,0.00008276,0
2230,2955,▁दलित,415,0.00008276,0
2231,2268,रुपमा,414,0.00008256,0
2232,2195,▁विजयी,414,0.00008256,0
2233,2643,▁स्कुल,414,0.00008256,0
2234,2555,िङ्ग,414,0.00008256,0
2235,2254,▁घिमिरे,414,0.00008256,0
2236,2651,▁जोशी,413,0.00008236,0
2237,2603,▁नेताहरू,413,0.00008236,0
2238,2185,▁नाफा,413,0.00008236,0
2239,2469,▁खोल,412,0.00008216,0
2240,3057,मुक्त,412,0.00008216,0
2241,2347,▁गलत,412,0.00008216,0
2242,2727,▁जान्छ,411,0.00008196,0
2243,2671,▁संवैधानिक,411,0.00008196,0
2244,2375,▁लुम्बिनी,411,0.00008196,0
2245,2729,A,410,0.00008176,0
2246,2530,▁हार,410,0.00008176,0
2247,2773,▁कप्तान,410,0.00008176,0
2248,2725,▁केन्द्रित,410,0.00008176,0
2249,2311,▁सूर्य,409,0.00008156,0
2250,2356,ब्ल,408,0.00008136,0
2251,2312,▁उपकरण,408,0.00008136,0
2252,2778,▁पर्न,408,0.00008136,0
2253,2548,▁शैक्षिक,408,0.00008136,0
2254,2209,▁अनलाइन,408,0.00008136,0
2255,2579,▁बनाइ,407,0.00008116,0
2256,2377,घाट,407,0.00008116,0
2257,2896,▁हाम्रा,407,0.00008116,0
2258,2881,▁पृथ्वी,407,0.00008116,0
2259,2335,▁तरकारी,406,0.00008096,0
2260,2455,▁बाध्य,406,0.00008096,0
2261,2499,▁गर्,406,0.00008096,0
2262,2443,▁अल्,406,0.00008096,0
2263,2380,▁७५,406,0.00008096,0
2264,2520,ाउँछन्,406,0.00008096,0
2265,2243,▁माधव,406,0.00008096,0
2266,2486,▁दर्शक,406,0.00008096,0
2267,2434,▁अदालतले,405,0.00008077,0
2268,2493,स्य,405,0.00008077,0
2269,2668,▁दोहोर,405,0.00008077,0
2270,2354,▁खोला,405,0.00008077,0
2271,2613,▁भाइ,405,0.00008077,0
2272,2179,▁झापा,405,0.00008077,0
2273,2526,▁अभ्यास,404,0.00008057,0
2274,2718,▁खाने,404,0.00008057,0
2275,2721,▁सुख,404,0.00008057,0
2276,2415,साथ,403,0.00008037,0
2277,2533,▁सामुदायिक,403,0.00008037,0
2278,2951,▁टेक,403,0.00008037,0
2279,2363,▁संगीत,402,0.00008017,0
2280,2395,▁मन्त्रिपरिषद्,402,0.00008017,0
2281,2191,▁फेला,402,0.00008017,0
2282,2614,▁सङ्क्रमण,402,0.00008017,0
2283,2752,▁चुनावी,402,0.00008017,0
2284,2664,▁पेस,401,0.00007997,0
2285,2517,▁प्रतिबद्धता,401,0.00007997,0
2286,2414,▁बढाउने,400,0.00007977,0
2287,2906,▁हवाई,400,0.00007977,0
2288,2662,▁दशक,400,0.00007977,0
2289,2770,▁बहुमत,399,0.00007957,0
2290,2696,▁मुख,399,0.00007957,0
2291,2538,▁यद्यपि,399,0.00007957,0
2292,2461,▁मुक्त,399,0.00007957,0
2293,2704,▁गरियो,399,0.00007957,0
2294,2521,▁उद्धार,399,0.00007957,0
2295,2266,▁गण्डकी,399,0.00007957,0
2296,2565,▁गौर,398,0.00007937,0
2297,2641,सकेपछि,398,0.00007937,0
2298,2495,▁बाहेक,398,0.00007937,0
2299,2734,▁चाहे,398,0.00007937,0
2300,2544,▁खुसी,398,0.00007937,0
2301,2995,▁उठाउन,398,0.00007937,0
2302,2208,▁किलोमिटर,397,0.00007917,0
2303,2993,▁लोकतन्त्र,397,0.00007917,0
2304,2316,▁विज्ञ,397,0.00007917,0
2305,2409,▁उम्मेदवारी,397,0.00007917,0
2306,2427,▁प्रवाह,397,0.00007917,0
2307,2516,▁गराए,396,0.00007897,0
2308,2724,▁प्राकृतिक,396,0.00007897,0
2309,2272,▁गराएको,396,0.00007897,0
2310,2761,नारायण,396,0.00007897,0
2311,2423,▁महासचिव,396,0.00007897,0
2312,2291,▁लागेका,395,0.00007877,0
2313,2741,▁खेल्ने,394,0.00007857,0
2314,2610,▁चढ,393,0.00007837,0
2315,2285,▁ललितपुर,393,0.00007837,0
2316,2596,▁हासिल,393,0.00007837,0
2317,2726,▁आधारित,393,0.00007837,0
2318,2647,▁तिर्न,393,0.00007837,0
2319,2988,es,392,0.00007817,0
2320,2349,▁खानेपानी,392,0.00007817,0
2321,2343,▁सफा,392,0.00007817,0
2322,2541,▁व्यक्तिगत,392,0.00007817,0
2323,2863,▁हिंसा,392,0.00007817,0
2324,2754,भो,391,0.00007797,0
2325,2463,▁आपूर्ति,391,0.00007797,0
2326,2392,▁निर्धारण,391,0.00007797,0
2327,2478,▁गरिसकेको,391,0.00007797,0
2328,2609,▁सक्नुहुन्छ,391,0.00007797,0
2329,2510,▁सफलता,390,0.00007777,0
2330,2633,▁सन्देश,390,0.00007777,0
2331,3282,▁क्वा,390,0.00007777,0
2332,2524,▁आयो,389,0.00007757,0
2333,2728,an,389,0.00007757,0
2334,2075,इट,389,0.00007757,0
2335,2422,▁तोक,389,0.00007757,0
2336,3064,▁भनिन्छ,389,0.00007757,0
2337,2201,एन,388,0.00007738,0
2338,3354,वृत्त,388,0.00007738,0
2339,2357,▁प्रेस,388,0.00007738,0
2340,2421,▁चिन्ता,388,0.00007738,0
2341,2687,▁विष्णु,388,0.00007738,0
2342,2886,▁परिस्थिति,388,0.00007738,0
2343,2556,▁घरेलु,388,0.00007738,0
2344,2459,चु,388,0.00007738,0
2345,2235,घा,387,0.00007718,0
2346,2400,▁बराबरको,387,0.00007718,0
2347,2879,▁प्ले,387,0.00007718,0
2348,2456,▁पशु,387,0.00007718,0
2349,2783,▁पुनर्,387,0.00007718,0
2350,2387,9,386,0.00007698,0
2351,2531,▁जनसंख्या,386,0.00007698,0
2352,2901,▁राजमार्ग,386,0.00007698,0
2353,2663,▁तीव्र,386,0.00007698,0
2354,2404,▁उद,386,0.00007698,0
2355,2645,▁समृद्धि,386,0.00007698,0
2356,2284,▁जनालाई,386,0.00007698,0
2357,2781,सेवा,385,0.00007678,0
2358,2625,▁हेर्दा,385,0.00007678,0
2359,2679,ज्ज,385,0.00007678,0
2360,2464,▁कोठा,384,0.00007658,0
2361,2068,थि,383,0.00007638,0
2362,2426,पानी,383,0.00007638,0
2363,2620,▁गुण,383,0.00007638,0
2364,2523,िंग,383,0.00007638,0
2365,2388,▁लागत,383,0.00007638,0
2366,2655,▁बिना,383,0.00007638,0
2367,2597,▁देखिएका,383,0.00007638,0
2368,2325,▁मिनेट,383,0.00007638,0
2369,2903,6,382,0.00007618,0
2370,2528,▁जनाइएको,382,0.00007618,0
2371,2428,ण्ट,381,0.00007598,0
2372,2571,▁हिसाब,381,0.00007598,0
2373,3150,▁कम्युनिस्ट,380,0.00007578,0
2374,3048,P,379,0.00007558,0
2375,2792,▁आधा,379,0.00007558,0
2376,2301,▁प्रतिष्ठान,379,0.00007558,0
2377,2975,फ्ट,379,0.00007558,0
2378,2701,▁सुदूरपश्चिम,379,0.00007558,0
2379,2615,▁साधारण,379,0.00007558,0
2380,2689,▁सुरुवात,379,0.00007558,0
2381,2511,▁माया,379,0.00007558,0
2382,2557,▁जाँदा,379,0.00007558,0
2383,3007,▁शासन,378,0.00007538,0
2384,2697,क्षित,378,0.00007538,0
2385,3124,▁सांस्कृतिक,378,0.00007538,0
2386,2607,▁मार्ग,378,0.00007538,0
2387,2513,▁चासो,378,0.00007538,0
2388,2232,▁यसैगरी,378,0.00007538,0
2389,2481,▁९०,378,0.00007538,0
2390,2706,▁अनिवार्य,378,0.00007538,0
2391,1936,▁तिमी,378,0.00007538,0
2392,2391,▁बस्नेत,378,0.00007538,0
2393,2537,केट,377,0.00007518,0
2394,2508,▁प्रतिक्रिया,376,0.00007498,0
2395,2297,▁तिर,376,0.00007498,0
2396,2568,▁जरुरी,376,0.00007498,0
2397,2594,▁फोटो,375,0.00007478,0
2398,2713,▁तर्क,374,0.00007458,0
2399,2492,▁मिडिया,374,0.00007458,0
2400,2589,▁गुणस्तर,374,0.00007458,0
2401,2714,▁पार्क,373,0.00007438,0
2402,2649,▁पर्याप्त,373,0.00007438,0
2403,2826,▁तथ्य,373,0.00007438,0
2404,2595,▁नतिजा,373,0.00007438,0
2405,2324,▁स्वदेश,373,0.00007438,0
2406,2365,▁कट,372,0.00007418,0
2407,2646,▁मेला,372,0.00007418,0
2408,2540,▁अख्तियार,371,0.00007399,0
2409,2507,▁३६,370,0.00007379,0
2410,2484,जस्ता,370,0.00007379,0
2411,2306,▁मतदाता,370,0.00007379,0
2412,2494,▁भन्नुभयो,370,0.00007379,0
2413,2562,▁५५,369,0.00007359,0
2414,2386,▁नहुँदा,369,0.00007359,0
2415,2828,▁हित,369,0.00007359,0
2416,2581,▁आफैं,369,0.00007359,0
2417,2708,▁भोग,369,0.00007359,0
2418,2424,▁भर्ना,369,0.00007359,0
2419,2636,▁जाँच,368,0.00007339,0
2420,2622,▁कम्युनिष्ट,368,0.00007339,0
2421,2525,▁उपयुक्त,368,0.00007339,0
2422,2344,▁ऊर्जा,368,0.00007339,0
2423,2959,खेल,368,0.00007339,0
2424,2865,8,367,0.00007319,0
2425,2656,▁समग्र,367,0.00007319,0
2426,2675,▁बहस,367,0.00007319,0
2427,2567,▁बनाए,366,0.00007299,0
2428,2782,▁निरन्तरता,366,0.00007299,0
2429,2543,▁आयोजक,366,0.00007299,0
2430,2482,▁न्यायाधीश,366,0.00007299,0
2431,2475,▁दबाब,365,0.00007279,0
2432,2823,▁भावना,365,0.00007279,0
2433,2498,▁राजीनामा,365,0.00007279,0
2434,2506,▁हस्तान्तरण,365,0.00007279,0
2435,2315,▁शव,364,0.00007259,0
2436,2504,▁महसुस,364,0.00007259,0
2437,2381,▁भनाई,364,0.00007259,0
2438,2550,▁पर्व,364,0.00007259,0
2439,2824,न्डर,363,0.00007239,0
2440,3049,▁उड,362,0.00007219,0
2441,2841,▁ज्या,362,0.00007219,0
2442,2808,▁आवाज,362,0.00007219,0
2443,2448,पोर्ट,362,0.00007219,0
2444,2673,▁परिषद्,362,0.00007219,0
2445,2584,▁कहाँ,362,0.00007219,0
2446,2438,▁पाल,362,0.00007219,0
2447,2900,▁संकेत,362,0.00007219,0
2448,2695,▁आधुनिक,362,0.00007219,0
2449,2736,▁तपाइँ,362,0.00007219,0
2450,2213,फि,361,0.00007199,0
2451,2590,▁छाड,361,0.00007199,0
2452,2902,दाता,361,0.00007199,0
2453,2733,क्ता,361,0.00007199,0
2454,2561,▁टिकट,361,0.00007199,0
2455,2983,▁जय,360,0.00007179,0
2456,2769,▁मैदानमा,360,0.00007179,0
2457,2348,▁उजुरी,360,0.00007179,0
2458,2619,▁वर्षदेखि,360,0.00007179,0
2459,2617,▁रक्षा,359,0.00007159,0
2460,2612,▁भट्ट,359,0.00007159,0
2461,2580,▁फर्किए,358,0.00007139,0
2462,2737,न्थ,358,0.00007139,0
2463,3114,▁यि,357,0.00007119,0
2464,2685,▁दुबै,357,0.00007119,0
2465,2598,स्थापन,357,0.00007119,0
2466,2862,▁२०७५,357,0.00007119,0
2467,2683,▁प्रशिक्षक,357,0.00007119,0
2468,2766,▁गतेदेखि,357,0.00007119,0
2469,2692,▁कार्ड,357,0.00007119,0
2470,3187,▁कतै,357,0.00007119,0
2471,2798,▁मद्दत,357,0.00007119,0
2472,2705,▁नभएका,356,0.00007099,0
2473,2678,▁आइपुग,356,0.00007099,0
2474,2430,▁कार्यरत,356,0.00007099,0
2475,2912,टेल,356,0.00007099,0
2476,2261,▁विभागले,356,0.00007099,0
2477,2657,िसकेको,356,0.00007099,0
2478,2554,स्थल,355,0.00007079,0
2479,2731,▁बसेका,355,0.00007079,0
2480,3191,▁युरोप,355,0.00007079,0
2481,2930,जसो,355,0.00007079,0
2482,2702,▁पार्ने,355,0.00007079,0
2483,2570,▁ड्र,354,0.00007059,0
2484,3075,▁अत्यन्त,354,0.00007059,0
2485,2854,▁धारा,354,0.00007059,0
2486,2720,▁निकट,353,0.00007040,0
2487,2963,▁नियुक्ति,353,0.00007040,0
2488,2746,▁कठिन,353,0.00007040,0
2489,2637,▁बनाएका,353,0.00007040,0
2490,2800,ाइरहेका,353,0.00007040,0
2491,2672,on,352,0.00007020,0
2492,2290,▁भक्तपुर,352,0.00007020,0
2493,2843,▁महोत्सव,352,0.00007020,0
2494,2735,▁ल्या,352,0.00007020,0
2495,2471,▁डाक्टर,352,0.00007020,0
2496,2659,▁सिम,352,0.00007020,0
2497,3008,सीसी,351,0.00007000,0
2498,2872,▁किनभने,351,0.00007000,0
2499,2842,▁उचित,350,0.00006980,0
2500,2756,विद्,350,0.00006980,0
2501,2573,▁–,350,0.00006980,0
2502,3546,▁शुभ,350,0.00006980,0
2503,2760,▁उपाय,350,0.00006980,0
2504,2676,▁पालिका,350,0.00006980,0
2505,2536,▁गुमाए,349,0.00006960,0
2506,2722,▁६५,348,0.00006940,0
2507,3103,प्स,348,0.00006940,0
2508,2601,▁राखेका,348,0.00006940,0
2509,2462,▁च्या,348,0.00006940,0
2510,2710,▁बमोजिम,347,0.00006920,0
2511,2987,ar,347,0.00006920,0
2512,2496,▁पुष्पकमल,347,0.00006920,0
2513,2635,▁छाप,347,0.00006920,0
2514,3345,▁जनकपुर,347,0.00006920,0
2515,2582,▁बस्ती,347,0.00006920,0
2516,2830,▁केवल,347,0.00006920,0
2517,3111,▁प्रायः,347,0.00006920,0
2518,2745,▁सङ्ख्या,347,0.00006920,0
2519,3079,▁भोलि,346,0.00006900,0
2520,2608,▁मिस,345,0.00006880,0
2521,3552,भूत,345,0.00006880,0
2522,2583,पालिका,345,0.00006880,0
2523,2699,▁चाहन्छ,345,0.00006880,0
2524,3033,▁रुस,345,0.00006880,0
2525,3029,▁नगर्न,345,0.00006880,0
2526,2681,▁कदम,345,0.00006880,0
2527,2899,भार,344,0.00006860,0
2528,2712,▁गराएका,344,0.00006860,0
2529,2700,▁पुगेर,344,0.00006860,0
2530,3071,%,344,0.00006860,0
2531,2929,▁विधान,343,0.00006840,0
2532,2564,▁भनिन्,343,0.00006840,0
2533,2972,▁भोट,343,0.00006840,0
2534,2875,▁आलोचना,343,0.00006840,0
2535,2858,▁भत्क,342,0.00006820,0
2536,2764,▁औपचारिक,342,0.00006820,0
2537,2690,▁चौथो,342,0.00006820,0
2538,2665,▁जहाज,342,0.00006820,0
2539,2996,▁मानिन्छ,342,0.00006820,0
2540,2751,▁देख्न,342,0.00006820,0
2541,2832,जनक,341,0.00006800,0
2542,2545,▁साढे,341,0.00006800,0
2543,2660,▁नपाए,341,0.00006800,0
2544,2632,▁गतेसम्म,340,0.00006780,0
2545,2602,▁दुख,340,0.00006780,0
2546,2141,िच,339,0.00006760,0
2547,2771,▁नगरी,339,0.00006760,0
2548,2787,▁शैली,339,0.00006760,0
2549,3198,M,338,0.00006740,0
2550,2630,▁अनुरोध,338,0.00006740,0
2551,2757,▁परिचालन,338,0.00006740,0
2552,2362,▁उपाधि,338,0.00006740,0
2553,3439,नियम,338,0.00006740,0
2554,2587,▁विमान,338,0.00006740,0
2555,2829,▁लोकतान्त्रिक,338,0.00006740,0
2556,2935,▁निम्ति,338,0.00006740,0
2557,2931,▁कविता,338,0.00006740,0
2558,2638,in,337,0.00006720,0
2559,2878,▁माध्यमबाट,337,0.00006720,0
2560,3059,▁उत्पन्न,337,0.00006720,0
2561,3005,▁वास्तविक,337,0.00006720,0
2562,2949,मोहन,337,0.00006720,0
2563,2321,िएपछि,337,0.00006720,0
2564,3058,▁देखाउन,337,0.00006720,0
2565,2747,▁नभई,337,0.00006720,0
2566,2593,▁दिन्छ,337,0.00006720,0
2567,2694,▁३७,336,0.00006701,0
2568,2965,▁राणा,336,0.00006701,0
2569,2923,▁सिजन,336,0.00006701,0
2570,2970,कालीन,335,0.00006681,0
2571,2942,▁लिइ,335,0.00006681,0
2572,2890,▁हेर्ने,335,0.00006681,0
2573,2801,▁सहायक,335,0.00006681,0
2574,2686,▁विजेता,335,0.00006681,0
2575,2940,▁बिदा,335,0.00006681,0
2576,3105,धारा,334,0.00006661,0
2577,2883,▁छिमेकी,334,0.00006661,0
2578,2937,▁महत्त्वपूर्ण,334,0.00006661,0
2579,3301,▁दलहरु,334,0.00006661,0
2580,2502,▁मेडिकल,334,0.00006661,0
2581,2719,▁रणनीति,333,0.00006641,0
2582,2913,▁बन्दै,333,0.00006641,0
2583,2894,▁संघर्ष,333,0.00006641,0
2584,2788,▁फुट,332,0.00006621,0
2585,2969,प्रधानमन्त्री,332,0.00006621,0
2586,2505,▁तोकिएको,332,0.00006621,0
2587,2553,▁बसेर,332,0.00006621,0
2588,2962,▁जेल,332,0.00006621,0
2589,3172,▁सिद्धान्त,332,0.00006621,0
2590,2991,▁देखा,331,0.00006601,0
2591,2839,▁कार्यकाल,331,0.00006601,0
2592,2992,▁सीमित,331,0.00006601,0
2593,2807,िकरण,330,0.00006581,0
2594,2831,▁सेट,330,0.00006581,0
2595,2810,▁साझा,330,0.00006581,0
2596,3809,▁विद्या,330,0.00006581,0
2597,2777,▁आएर,330,0.00006581,0
2598,2786,▁स्वागत,329,0.00006561,0
2599,3118,▁बाँड,329,0.00006561,0
2600,2137,▁कोरिया,329,0.00006561,0
2601,2853,▁अग्रता,329,0.00006561,0
2602,2605,▁कात्तिक,329,0.00006561,0
2603,2732,▁छिटो,329,0.00006561,0
2604,2797,▁भण्डारीले,328,0.00006541,0
2605,2920,▁कैलाली,327,0.00006521,0
2606,2648,▁लगातार,327,0.00006521,0
2607,2978,▁पछाडि,327,0.00006521,0
2608,2948,▁त्यस्ता,326,0.00006501,0
2609,2809,▁त्यसो,326,0.00006501,0
2610,2688,्नुपर्छ,326,0.00006501,0
2611,2758,▁जनप्रतिनिधि,326,0.00006501,0
2612,3092,at,325,0.00006481,0
2613,2812,▁चन्द,325,0.00006481,0
2614,2723,▁हिजो,325,0.00006481,0
2615,2856,▁कारवाही,325,0.00006481,0
2616,2586,▁पाइएको,325,0.00006481,0
2617,3312,▁रहनेछ,324,0.00006461,0
2618,2827,▁बनाइएको,324,0.00006461,0
2619,3109,al,323,0.00006441,0
2620,2887,▁लोकप्रिय,323,0.00006441,0
2621,2820,कार्य,323,0.00006441,0
2622,2918,▁थोरै,323,0.00006441,0
2623,2907,w,322,0.00006421,0
2624,2956,7,322,0.00006421,0
2625,2640,▁देउवाले,322,0.00006421,0
2626,2684,▁नेप्से,322,0.00006421,0
2627,2767,▁निवेदन,322,0.00006421,0
2628,2813,▁डिजाइन,322,0.00006421,0
2629,3204,▁टाढा,322,0.00006421,0
2630,2928,पश्चात,321,0.00006401,0
2631,3067,जस्तै,321,0.00006401,0
2632,2811,▁आफूहरु,321,0.00006401,0
2633,2759,▁अधिक,321,0.00006401,0
2634,2804,▁प्रगति,320,0.00006381,0
2635,2816,▁भेला,319,0.00006362,0
2636,2997,▁खोल्न,319,0.00006362,0
2637,3220,▁खराब,319,0.00006362,0
2638,2837,▁दावी,318,0.00006342,0
2639,3061,▁बिजुली,318,0.00006342,0
2640,2748,▁लामिछाने,318,0.00006342,0
2641,3028,▁पर्यटकीय,318,0.00006342,0
2642,2819,▁बढेर,318,0.00006342,0
2643,2624,▁एयर,318,0.00006342,0
2644,3476,▁विज्ञापन,318,0.00006342,0
2645,2908,▁प्रावधान,317,0.00006322,0
2646,2806,▁गिरी,317,0.00006322,0
2647,2652,्नुहोस्,317,0.00006322,0
2648,2763,▁उनीहरुलाई,316,0.00006302,0
2649,2848,▁छानबिन,316,0.00006302,0
2650,2825,▁लाल,316,0.00006302,0
2651,3086,▁योग्य,316,0.00006302,0
2652,3248,▁सदस्यहरु,316,0.00006302,0
2653,2880,▁भीम,316,0.00006302,0
2654,2653,▁बैंकिङ,316,0.00006302,0
2655,2921,▁उसको,315,0.00006282,0
2656,2779,▁ट्राफिक,315,0.00006282,0
2657,2815,▁कानुनी,315,0.00006282,0
2658,2936,▁उत्साह,315,0.00006282,0
2659,2849,▁जमिन,315,0.00006282,0
2660,3837,▁स्मार्ट,314,0.00006262,0
2661,2964,▁सजाय,313,0.00006242,0
2662,2871,▁लगाएर,313,0.00006242,0
2663,2966,बारी,313,0.00006242,0
2664,3099,▁हुन्थ्यो,313,0.00006242,0
2665,2895,▁तराई,313,0.00006242,0
2666,2952,▁पाइने,313,0.00006242,0
2667,3461,▁वीर,312,0.00006222,0
2668,2691,▁२०७४,312,0.00006222,0
2669,3162,▁गन्तव्य,312,0.00006222,0
2670,2629,▁३४,312,0.00006222,0
2671,2910,▁छाडे,312,0.00006222,0
2672,2487,▁कामदार,312,0.00006222,0
2673,2789,▁मामिला,311,0.00006202,0
2674,2917,▁प्रकृति,310,0.00006182,0
2675,3010,▁परिसर,310,0.00006182,0
2676,3087,▁टाइ,310,0.00006182,0
2677,3106,▁द्वारा,309,0.00006162,0
2678,2774,▁कुराकानी,309,0.00006162,0
2679,3009,▁मिलेर,309,0.00006162,0
2680,3080,▁विविध,309,0.00006162,0
2681,2919,▁विघटन,309,0.00006162,0
2682,3147,▁फ्ल,308,0.00006142,0
2683,3022,▁जीव,308,0.00006142,0
2684,2882,▁खतिवडा,308,0.00006142,0
2685,2846,▁किलो,308,0.00006142,0
2686,2835,▁निःशुल्क,308,0.00006142,0
2687,3244,▁मौका,308,0.00006142,0
2688,3690,ra,307,0.00006122,0
2689,2740,▁आएपछि,307,0.00006122,0
2690,3132,▁निष्कर्ष,307,0.00006122,0
2691,2838,▁राखे,307,0.00006122,0
2692,3218,▁संस्थागत,307,0.00006122,0
2693,2802,▁३८,306,0.00006102,0
2694,2904,▁बंगलादेश,306,0.00006102,0
2695,3088,▁ऐतिहासिक,306,0.00006102,0
2696,2817,▁आफन्त,305,0.00006082,0
2697,3025,▁झन्,305,0.00006082,0
2698,2840,▁ठेक्का,305,0.00006082,0
2699,3149,▁मुद्रा,305,0.00006082,0
2700,2867,▁बहादुर,305,0.00006082,0
2701,3065,▁लगभग,305,0.00006082,0
2702,2742,▁ब्ल,305,0.00006082,0
2703,3070,भाष,304,0.00006062,0
2704,2743,▁अभिनय,304,0.00006062,0
2705,2717,▁व्यावसायिक,304,0.00006062,0
2706,2877,▁धनगढी,304,0.00006062,0
2707,3155,▁परम्परा,304,0.00006062,0
2708,2967,▁५१,303,0.00006042,0
2709,2776,▁राजदूत,303,0.00006042,0
2710,3020,▁जडान,303,0.00006042,0
2711,2682,▁दाङ,303,0.00006042,0
2712,3137,भए,302,0.00006023,0
2713,2559,▁महाशाखा,302,0.00006023,0
2714,2982,▁गोरखा,302,0.00006023,0
2715,2870,लगत्तै,302,0.00006023,0
2716,3077,▁खेल्न,302,0.00006023,0
2717,2794,▁प्रतिबन्ध,302,0.00006023,0
2718,3148,▁थुप्रै,302,0.00006023,0
2719,2753,ध्य,301,0.00006003,0
2720,2772,▁थु,301,0.00006003,0
2721,2793,▁नारा,301,0.00006003,0
2722,2852,▁पहिला,301,0.00006003,0
2723,3004,विपरीत,301,0.00006003,0
2724,3078,▁अभिभावक,301,0.00006003,0
2725,2859,▁मिश्र,301,0.00006003,0
2726,3003,▁आकार,300,0.00005983,0
2727,2999,▁समारोह,300,0.00005983,0
2728,2869,▁प्रशिक्षण,300,0.00005983,0
2729,2765,▁प्रबन्ध,300,0.00005983,0
2730,2876,▁न्यौपाने,300,0.00005983,0
2731,2944,्टि,300,0.00005983,0
2732,2749,▁भरतपुर,300,0.00005983,0
2733,2845,जन्य,299,0.00005963,0
2734,2542,▁वर्षीया,298,0.00005943,0
2735,2715,▁फाइनल,298,0.00005943,0
2736,3117,▁अतिरिक्त,298,0.00005943,0
2737,3168,▁सामना,298,0.00005943,0
2738,2898,▁एवम्,298,0.00005943,0
2739,2939,▁सदरमुकाम,298,0.00005943,0
2740,3494,▁रिलिज,298,0.00005943,0
2741,2943,C,297,0.00005923,0
2742,3253,▁लैजान,297,0.00005923,0
2743,2677,न्च,297,0.00005923,0
2744,2946,मणि,297,0.00005923,0
2745,2958,▁क्याम्पस,296,0.00005903,0
2746,2979,▁४४,296,0.00005903,0
2747,2790,▁खारेज,296,0.00005903,0
2748,2762,▁श्रीमती,296,0.00005903,0
2749,2994,▁जनशक्ति,296,0.00005903,0
2750,2909,▁सुवेदी,296,0.00005903,0
2751,3269,▁घाटा,296,0.00005903,0
2752,3068,खोला,296,0.00005903,0
2753,3062,▁कतार,296,0.00005903,0
2754,3370,▁बाँध,296,0.00005903,0
2755,2891,भित्रै,296,0.00005903,0
2756,3279,सरकार,295,0.00005883,0
2757,3781,N,295,0.00005883,0
2758,3066,▁औँ,295,0.00005883,0
2759,3021,सक्ने,294,0.00005863,0
2760,2916,वर्ष,294,0.00005863,0
2761,3076,▁कम्तीमा,294,0.00005863,0
2762,3240,▁भिड,294,0.00005863,0
2763,2509,▁फैसला,293,0.00005843,0
2764,2780,▁सजिलो,293,0.00005843,0
2765,2755,▁प्रसारण,293,0.00005843,0
2766,2626,▁चित्र,293,0.00005843,0
2767,2974,▁थालेपछि,293,0.00005843,0
2768,2814,्याङ,293,0.00005843,0
2769,2803,बजार,293,0.00005843,0
2770,3125,▁नदिने,293,0.00005843,0
2771,2575,▁लगाए,293,0.00005843,0
2772,3090,▁तलब,292,0.00005823,0
2773,3234,▁बढ्दो,292,0.00005823,0
2774,3052,▁बढाएको,291,0.00005803,0
2775,2933,▁थान,291,0.00005803,0
2776,2805,▁मगर,291,0.00005803,0
2777,2915,▁स्थगित,291,0.00005803,0
2778,3812,▁इन्टर,291,0.00005803,0
2779,2795,▁४२,291,0.00005803,0
2780,2850,▁विनियोजन,290,0.00005783,0
2781,3169,▁कालि,290,0.00005783,0
2782,3115,▁मानसिक,290,0.00005783,0
2783,3170,▁समयमै,290,0.00005783,0
2784,3006,▁गणेश,290,0.00005783,0
2785,3015,▁रोज,290,0.00005783,0
2786,3869,▁हिन्दु,290,0.00005783,0
2787,2833,▁नरहेको,289,0.00005763,0
2788,2984,▁४८,289,0.00005763,0
2789,2627,▁मोटरसाइकल,289,0.00005763,0
2790,3219,▁रमेश,289,0.00005763,0
2791,3084,▁निर्माता,289,0.00005763,0
2792,3051,▁मानिसहरु,289,0.00005763,0
2793,2775,पोखरी,288,0.00005743,0
2794,3107,▁निकास,288,0.00005743,0
2795,2990,▁हुँ,288,0.00005743,0
2796,3131,ऊ,288,0.00005743,0
2797,2927,क्टर,287,0.00005723,0
2798,3050,▁पर्दछ,287,0.00005723,0
2799,3031,▁४१,286,0.00005703,0
2800,3044,▁पहाडी,286,0.00005703,0
2801,2799,▁लगाएका,286,0.00005703,0
2802,2784,सचिव,286,0.00005703,0
2803,3039,▁वर्षअघि,286,0.00005703,0
2804,2836,▁क्रि,285,0.00005683,0
2805,3123,ाइरहेको,285,0.00005683,0
2806,3255,▁मञ्च,285,0.00005683,0
2807,3185,▁बुझाउन,284,0.00005664,0
2808,2924,▁आह्वान,284,0.00005664,0
2809,2953,▁अर्याल,284,0.00005664,0
2810,2947,▁राप्रपा,284,0.00005664,0
2811,2893,▁जिम्मा,283,0.00005644,0
2812,3493,▁परराष्ट्र,283,0.00005644,0
2813,3089,ल्ली,283,0.00005644,0
2814,2971,▁दर्जन,283,0.00005644,0
2815,3176,▁गायक,282,0.00005624,0
2816,3063,▁पूँजी,282,0.00005624,0
2817,3485,▁अनेक,282,0.00005624,0
2818,3543,▁संविधानसभा,282,0.00005624,0
2819,3201,en,281,0.00005604,0
2820,3098,▁गरिनेछ,281,0.00005604,0
2821,3038,गढी,281,0.00005604,0
2822,3024,▁लक्षित,281,0.00005604,0
2823,2822,▁भट्टराईले,281,0.00005604,0
2824,3237,▁एकजना,281,0.00005604,0
2825,2888,▁उपमहानगरपालिका,281,0.00005604,0
2826,3166,ाइएका,281,0.00005604,0
2827,3030,▁सुपर,281,0.00005604,0
2828,2844,१०,280,0.00005584,0
2829,3128,माओवादी,280,0.00005584,0
2830,3205,▁दीपक,279,0.00005564,0
2831,3047,गाउँ,279,0.00005564,0
2832,3043,▁प्रथम,279,0.00005564,0
2833,3418,▁रावल,279,0.00005564,0
2834,2864,▁सापकोटा,279,0.00005564,0
2835,3190,▁लाग्यो,279,0.00005564,0
2836,2954,▁लेखा,279,0.00005564,0
2837,2981,▁फ्रान्स,279,0.00005564,0
2838,3017,▁बराबरी,279,0.00005564,0
2839,3133,▁कहिल्यै,279,0.00005564,0
2840,3163,▁अलग,278,0.00005544,0
2841,3359,▁मकवानपुर,278,0.00005544,0
2842,2938,▁लागिएको,278,0.00005544,0
2843,3257,▁कार्यदल,278,0.00005544,0
2844,3160,▁बासिन्दा,278,0.00005544,0
2845,3036,▁पालना,278,0.00005544,0
2846,3014,▁व्यवस्थित,278,0.00005544,0
2847,3318,▁पशुपति,278,0.00005544,0
2848,3250,▁गणतन्त्र,278,0.00005544,0
2849,2973,▁झण्डै,278,0.00005544,0
2850,3457,▁बागमती,278,0.00005544,0
2851,3293,थ्यो,278,0.00005544,0
2852,2960,f,277,0.00005524,0
2853,2739,▁ह्या,277,0.00005524,0
2854,2892,▁गरिन्,277,0.00005524,0
2855,3158,▁हराए,276,0.00005504,0
2856,3112,▁गाह्रो,276,0.00005504,0
2857,3181,▁डिजिटल,276,0.00005504,0
2858,3023,▁४३,276,0.00005504,0
2859,3018,▁नजिकै,276,0.00005504,0
2860,3093,▁डुब,276,0.00005504,0
2861,3046,▁चिया,276,0.00005504,0
2862,3245,▁जटिल,276,0.00005504,0
2863,2932,▁त्रिभुवन,275,0.00005484,0
2864,3081,▁महेन्द्र,275,0.00005484,0
2865,2750,▁मोरङ,275,0.00005484,0
2866,3267,T,274,0.00005464,0
2867,2905,▁उद्यम,274,0.00005464,0
2868,2628,▁बुटवल,274,0.00005464,0
2869,3110,▁पुर्याए,274,0.00005464,0
2870,3165,▁नसक्दा,274,0.00005464,0
2871,3296,▁किनार,274,0.00005464,0
2872,3192,▁असन्तुष्ट,274,0.00005464,0
2873,2847,▁दिनुपर्ने,274,0.00005464,0
2874,2941,▁लघुवित्त,274,0.00005464,0
2875,3141,▁प्रयोगकर्ता,274,0.00005464,0
2876,3208,▁सरोकारवाला,273,0.00005444,0
2877,3000,मैत्री,273,0.00005444,0
2878,3341,▁चोरी,273,0.00005444,0
2879,2925,▁नगरेको,273,0.00005444,0
2880,3462,▁बुढा,273,0.00005444,0
2881,3085,▁वडाध्यक्ष,273,0.00005444,0
2882,3140,▁अर्थात,273,0.00005444,0
2883,3019,▁राजेन्द्र,273,0.00005444,0
2884,3013,▁लक्ष्मी,273,0.00005444,0
2885,3548,▁दरबार,272,0.00005424,0
2886,3122,▁क्षेत्रीय,272,0.00005424,0
2887,3517,औँ,272,0.00005424,0
2888,3045,▁भएकी,271,0.00005404,0
2889,2821,▁दिल्ली,271,0.00005404,0
2890,3695,▁तोड,271,0.00005404,0
2891,3094,▁समयदेखि,271,0.00005404,0
2892,3416,▁आनन्द,271,0.00005404,0
2893,3102,▁सुनिश्चित,271,0.00005404,0
2894,2860,▁फूल,270,0.00005384,0
2895,3331,▁नाटक,270,0.00005384,0
2896,3095,घात,270,0.00005384,0
2897,3226,र्ती,270,0.00005384,0
2898,3350,▁कम्प,270,0.00005384,0
2899,3119,▁इन्ड,269,0.00005364,0
2900,2768,▁ट्रम्प,269,0.00005364,0
2901,3152,▁न्यूनतम,269,0.00005364,0
2902,2945,▁सैनिक,268,0.00005344,0
2903,2922,▁टिप्पणी,268,0.00005344,0
2904,3055,क्षेत्र,268,0.00005344,0
2905,3069,▁चालू,268,0.00005344,0
2906,3434,▁छाला,268,0.00005344,0
2907,3490,▁रेडियो,268,0.00005344,0
2908,3249,▁हुनेछन्,267,0.00005325,0
2909,2857,▁”,267,0.00005325,0
2910,2980,▁मेगावाट,267,0.00005325,0
2911,3053,▁आधिकारिक,267,0.00005325,0
2912,3091,▁देखिने,267,0.00005325,0
2913,3082,▁भन्छ,267,0.00005325,0
2914,2934,▁बैङ्क,267,0.00005325,0
2915,3200,११,266,0.00005305,0
2916,2968,▁बोल्दै,266,0.00005305,0
2917,3127,▁दीप,266,0.00005305,0
2918,3135,▁५६,266,0.00005305,0
2919,3011,▁कैद,265,0.00005285,0
2920,3473,स्तरीय,265,0.00005285,0
2921,3224,िसकेका,265,0.00005285,0
2922,3256,▁सङ्क्रमित,265,0.00005285,0
2923,3193,▁लगाइएको,265,0.00005285,0
2924,3413,▁सकिन,265,0.00005285,0
2925,3236,▁सक्षम,264,0.00005265,0
2926,3188,▁४९,264,0.00005265,0
2927,3367,▁च्याम्पियन,264,0.00005265,0
2928,3300,▁इन्जिनियर,264,0.00005265,0
2929,3171,▁रातो,264,0.00005265,0
2930,2885,▁निधन,264,0.00005265,0
2931,3275,▁इन्स्योरेन्स,263,0.00005245,0
2932,3159,▁डिभिजन,263,0.00005245,0
2933,3060,▁सिटी,263,0.00005245,0
2934,3273,▁यसपटक,263,0.00005245,0
2935,2961,▁३९,262,0.00005225,0
2936,3261,▁व्यापक,262,0.00005225,0
2937,3034,▁एजेन्सी,262,0.00005225,0
2938,3002,▁बुझाए,262,0.00005225,0
2939,3272,▁प्रतिनिधित्व,262,0.00005225,0
2940,2577,▁रेल,262,0.00005225,0
2941,2985,▁लुक,262,0.00005225,0
2942,3271,▁खुद,262,0.00005225,0
2943,3380,▁दफा,261,0.00005205,0
2944,3398,or,261,0.00005205,0
2945,3126,▁प्रारम्भिक,261,0.00005205,0
2946,3211,▁भइरहेका,261,0.00005205,0
2947,3467,▁किनकि,261,0.00005205,0
2948,2998,▁कृषक,261,0.00005205,0
2949,3638,▁भेटघाट,260,0.00005185,0
2950,3325,▁७७,260,0.00005185,0
2951,3724,▁प्रभु,260,0.00005185,0
2952,3451,▁युनियन,260,0.00005185,0
2953,3056,▁कार्,259,0.00005165,0
2954,3040,▁उपरीक्षक,259,0.00005165,0
2955,3156,▁मिल्ने,259,0.00005165,0
2956,3435,▁बार्सिलोना,259,0.00005165,0
2957,3545,▁स्वार्थ,259,0.00005165,0
2958,3431,▁गरिए,257,0.00005125,0
2959,3238,▁७६,257,0.00005125,0
2960,3145,ुपरेको,257,0.00005125,0
2961,3406,▁भगवान,257,0.00005125,0
2962,3396,▁बौद्ध,257,0.00005125,0
2963,2914,▁खाद्य,256,0.00005105,0
2964,3144,▁एकदम,256,0.00005105,0
2965,2989,▁गुरु,256,0.00005105,0
2966,3286,▁इच्छा,256,0.00005105,0
2967,2861,▁अवार्ड,256,0.00005105,0
2968,3881,द्वार,256,0.00005105,0
2969,3292,▁अध्यादेश,256,0.00005105,0
2970,3104,▁सुनाए,256,0.00005105,0
2971,3072,▁५२,255,0.00005085,0
2972,3222,▁ध्यानाकर्षण,255,0.00005085,0
2973,2957,▁बलात्कार,255,0.00005085,0
2974,3276,▁भत्ता,254,0.00005065,0
2975,2911,▁पढ्न,254,0.00005065,0
2976,3335,▁रूपैयाँ,254,0.00005065,0
2977,3073,▁शाक्य,254,0.00005065,0
2978,3161,त्मक,253,0.00005045,0
2979,3138,▁प्रकारका,253,0.00005045,0
2980,3437,▁द्वन्द्व,253,0.00005045,0
2981,3265,▁बोलाए,253,0.00005045,0
2982,3189,▁नदिए,253,0.00005045,0
2983,2834,▁नसके,252,0.00005025,0
2984,2818,▁मोदी,252,0.00005025,0
2985,3195,▁चुक्ता,252,0.00005025,0
2986,3199,...,252,0.00005025,0
2987,3054,भरि,252,0.00005025,0
2988,2866,▁सुर्खेत,252,0.00005025,0
2989,3260,▁विश्वभर,252,0.00005025,0
2990,3303,▁ढंगले,252,0.00005025,0
2991,3291,▁पर्वत,252,0.00005025,0
2992,3216,▁क्यान्सर,252,0.00005025,0
2993,3041,▁पत्ता,252,0.00005025,0
2994,3297,▁हुँदैछ,252,0.00005025,0
2995,3444,▁मित्र,252,0.00005025,0
2996,3202,▁नोट,251,0.00005005,0
2997,3206,▁स्वास्थ्यकर्मी,251,0.00005005,0
2998,3542,▁प्रयोगशाला,251,0.00005005,0
2999,3178,▁बाँके,251,0.00005005,0
3000,2889,▁बचत,251,0.00005005,0
3001,3404,▁ठाकुर,251,0.00005005,0
3002,3212,▁दर्शन,251,0.00005005,0
3003,3175,▁पठाउने,250,0.00004986,0
3004,3383,▁आधारभूत,250,0.00004986,0
3005,3528,▁क्रमशः,250,0.00004986,0
3006,3330,▁कूल,249,0.00004966,0
3007,3438,▁ठीक,249,0.00004966,0
3008,2884,▁चेतावनी,249,0.00004966,0
3009,3215,▁विभाजन,249,0.00004966,0
3010,3179,▁दृश्य,249,0.00004966,0
3011,3012,▁श्रमिक,248,0.00004946,0
3012,3100,▁मर्मत,248,0.00004946,0
3013,3120,▁जितेको,248,0.00004946,0
3014,3262,▁साझेदारी,247,0.00004926,0
3015,3470,▁दिशा,247,0.00004926,0
3016,3247,▁पुर्याउन,247,0.00004926,0
3017,3197,परिषद,246,0.00004906,0
3018,3116,▁खतरा,246,0.00004906,0
3019,3351,▁काठमाण्डौ,246,0.00004906,0
3020,3243,▁प्रवृत्ति,246,0.00004906,0
3021,3151,▁संस्करण,246,0.00004906,0
3022,3389,▁समाप्त,246,0.00004906,0
3023,3281,▁छोटो,246,0.00004906,0
3024,3027,▁ब्याजदर,246,0.00004906,0
3025,3307,▁अवैध,246,0.00004906,0
3026,3153,▁एण्ड,245,0.00004886,0
3027,3401,▁खरीद,245,0.00004886,0
3028,3214,▁औद्योगिक,245,0.00004886,0
3029,3497,▁पछिल्ला,245,0.00004886,0
3030,2986,्वे,244,0.00004866,0
3031,3246,▁आउट,244,0.00004866,0
3032,2868,▁ब्याज,244,0.00004866,0
3033,3361,▁लक्षण,244,0.00004866,0
3034,3464,योग्य,243,0.00004846,0
3035,3142,▁४६,243,0.00004846,0
3036,3287,▁आगो,243,0.00004846,0
3037,3306,▁पठाउन,242,0.00004826,0
3038,3562,▁ठान,242,0.00004826,0
3039,3691,L,242,0.00004826,0
3040,3372,▁पुनर्निर्माण,242,0.00004826,0
3041,3427,▁दोषी,242,0.00004826,0
3042,3510,▁संवाद,242,0.00004826,0
3043,3180,▁अवरोध,242,0.00004826,0
3044,3334,▁पुस्ता,242,0.00004826,0
3045,3509,▁पहाड,242,0.00004826,0
3046,3338,▁अगाडी,242,0.00004826,0
3047,3704,स्वरूप,242,0.00004826,0
3048,3314,▁असफल,242,0.00004826,0
3049,3525,एमाले,241,0.00004806,0
3050,3611,▁निकाल्न,241,0.00004806,0
3051,3432,▁सन्तान,241,0.00004806,0
3052,3207,▁५३,241,0.00004806,0
3053,3369,▁प्रजातन्त्र,241,0.00004806,0
3054,2730,▁निक्षेप,241,0.00004806,0
3055,3852,▁छुट्ट,240,0.00004786,0
3056,3157,▁कास्की,240,0.00004786,0
3057,2977,▁म्याद,240,0.00004786,0
3058,3259,▁दुरुपयोग,240,0.00004786,0
3059,3514,▁छुट्टै,240,0.00004786,0
3060,3637,▁पुग्छ,240,0.00004786,0
3061,3409,▁नक्सा,240,0.00004786,0
3062,2976,▁फेसबुक,240,0.00004786,0
3063,3290,▁अनुहार,240,0.00004786,0
3064,3302,▁राख्दै,239,0.00004766,0
3065,3580,▁सगरमाथा,239,0.00004766,0
3066,2950,▁सेन्टर,239,0.00004766,0
3067,3035,▁इन्टरनेट,239,0.00004766,0
3068,3136,▁समीक्षा,239,0.00004766,0
3069,3532,▁स्वयं,238,0.00004746,0
3070,3569,अहिले,238,0.00004746,0
3071,3280,▁सल्लाह,238,0.00004746,0
3072,3223,▁५४,237,0.00004726,0
3073,3227,▁गृहमन्त्री,237,0.00004726,0
3074,3203,▁१००,237,0.00004726,0
3075,3097,▁कपडा,237,0.00004726,0
3076,3278,ध्यक्ष,237,0.00004726,0
3077,3323,▁५८,236,0.00004706,0
3078,3425,▁छनौट,236,0.00004706,0
3079,3130,”,236,0.00004706,0
3080,3310,▁सहायता,236,0.00004706,0
3081,3402,▁सुरक्षाकर्मी,236,0.00004706,0
3082,3274,▁विश्लेषण,236,0.00004706,0
3083,3672,▁हेटौंडा,236,0.00004706,0
3084,3593,▁श्रीलंका,236,0.00004706,0
3085,3285,डाँडा,236,0.00004706,0
3086,3364,▁स्पेन,236,0.00004706,0
3087,3183,▁४७,236,0.00004706,0
3088,3385,▁खेत,236,0.00004706,0
3089,3309,▁७२,235,0.00004686,0
3090,3209,▁प्रकरण,235,0.00004686,0
3091,3408,▁सधैं,235,0.00004686,0
3092,3319,▁एन्ड,234,0.00004666,0
3093,3108,▁रेकर्ड,234,0.00004666,0
3094,3452,▁आउँदा,234,0.00004666,0
3095,3167,▁ऊ,233,0.00004647,0
3096,3407,▁निर्वाह,233,0.00004647,0
3097,3363,▁जोगाउन,233,0.00004647,0
3098,3353,▁फैलिएको,233,0.00004647,0
3099,3668,▁ज्ञानेन्द्र,233,0.00004647,0
3100,3121,▁हावा,233,0.00004647,0
3101,3448,I,232,0.00004627,0
3102,3381,▁नदेख,232,0.00004627,0
3103,3453,▁ल्याइ,232,0.00004627,0
3104,3304,भारत,232,0.00004627,0
3105,3213,▁स्वीकृत,231,0.00004607,0
3106,3258,▁२०७८,231,0.00004607,0
3107,3539,it,231,0.00004607,0
3108,3289,कल्प,231,0.00004607,0
3109,3337,▁नियमावली,231,0.00004607,0
3110,3524,▁अपनाउन,231,0.00004607,0
3111,3574,▁प्रोत्साहन,230,0.00004587,0
3112,3299,▁सदस्यीय,230,0.00004587,0
3113,3652,▁परम्परागत,230,0.00004587,0
3114,3405,स्वरुप,230,0.00004587,0
3115,3342,▁प्रवद्र्धन,230,0.00004587,0
3116,3827,ुहोला,230,0.00004587,0
3117,3570,▁चिकित्सा,230,0.00004587,0
3118,3229,▁विष्ट,230,0.00004587,0
3119,3373,समक्ष,229,0.00004567,0
3120,3232,८०,229,0.00004567,0
3121,3603,▁पर्दा,229,0.00004567,0
3122,3394,▁दौड,229,0.00004567,0
3123,3554,▁मौलिक,229,0.00004567,0
3124,3032,▁फोहोर,229,0.00004567,0
3125,3217,▁एमसीसी,228,0.00004547,0
3126,3348,▁गरिसकेका,228,0.00004547,0
3127,3360,▁खाली,228,0.00004547,0
3128,3139,▁२०७६,228,0.00004547,0
3129,3263,▁खुलेको,228,0.00004547,0
3130,3651,▁रह्यो,227,0.00004527,0
3131,3599,▁ब्याटिङ,227,0.00004527,0
3132,3419,▁रासस,227,0.00004527,0
3133,3374,▁चोट,227,0.00004527,0
3134,3433,▁मासिक,227,0.00004527,0
3135,3231,▁शून्य,227,0.00004527,0
3136,3602,B,226,0.00004507,0
3137,3186,▁मजदुर,226,0.00004507,0
3138,3283,ाउदै,226,0.00004507,0
3139,3522,▁सामान्यतया,226,0.00004507,0
3140,3129,▁जनाए,225,0.00004487,0
3141,3315,▁जसपा,225,0.00004487,0
3142,3277,▁खुशी,225,0.00004487,0
3143,3518,▁आकर्षण,225,0.00004487,0
3144,3251,▁गाविस,225,0.00004487,0
3145,3270,▁शेर्पा,225,0.00004487,0
3146,3607,▁पृष्ठ,224,0.00004467,0
3147,3074,▁माछा,224,0.00004467,0
3148,3709,▁अरब,224,0.00004467,0
3149,3390,▁बजेसम्म,224,0.00004467,0
3150,3601,पश्चिम,224,0.00004467,0
3151,3456,▁संस्थापक,224,0.00004467,0
3152,3503,▁हुनाले,224,0.00004467,0
3153,3295,▁८५,223,0.00004447,0
3154,3639,re,223,0.00004447,0
3155,3316,▁सन्तोष,223,0.00004447,0
3156,3460,▁दूतावास,223,0.00004447,0
3157,3702,R,222,0.00004427,0
3158,3327,▁बाध्यता,222,0.00004427,0
3159,3347,▁दायित्व,222,0.00004427,0
3160,3481,▁समायोजन,222,0.00004427,0
3161,3177,गढ,222,0.00004427,0
3162,3332,▁बालिका,222,0.00004427,0
3163,3621,▁ग्रामीण,221,0.00004407,0
3164,3491,▁आउँदै,221,0.00004407,0
3165,3317,▁पर्सा,221,0.00004407,0
3166,3468,▁गोविन्द,221,0.00004407,0
3167,3605,▁रौतहट,221,0.00004407,0
3168,3759,▁सूचक,220,0.00004387,0
3169,3242,▁प्रधानन्यायाधीश,220,0.00004387,0
3170,3633,▁साउदी,220,0.00004387,0
3171,3320,▁नपुग,219,0.00004367,0
3172,3698,▁कटौती,219,0.00004367,0
3173,3664,▁रंगशाला,218,0.00004347,0
3174,3230,▁चर्चित,218,0.00004347,0
3175,3241,▁पुर्याउने,218,0.00004347,0
3176,3391,▁सुनसरी,218,0.00004347,0
3177,3449,▁सकिनेछ,218,0.00004347,0
3178,3393,▁सरुवा,218,0.00004347,0
3179,3592,▁झन्डै,218,0.00004347,0
3180,3553,▁बोनस,218,0.00004347,0
3181,3693,▁अतिथि,218,0.00004347,0
3182,3412,▁सामाग्री,218,0.00004347,0
3183,3551,▁चलाए,217,0.00004327,0
3184,3673,▁नहुन,217,0.00004327,0
3185,3344,▁थालिएको,217,0.00004327,0
3186,3446,▁लैजाने,217,0.00004327,0
3187,3454,▁तालिका,217,0.00004327,0
3188,3233,▁मलेसिया,217,0.00004327,0
3189,3676,▁बिषय,217,0.00004327,0
3190,3597,▁ठुलो,216,0.00004307,0
3191,3707,▁सेवाग्राही,216,0.00004307,0
3192,3445,▁बसोबास,216,0.00004307,0
3193,3322,▁उपप्रमुख,216,0.00004307,0
3194,3311,▁पीडा,216,0.00004307,0
3195,3096,▁स्वीकृति,216,0.00004307,0
3196,3767,▁खपत,216,0.00004307,0
3197,3477,चन्द्र,216,0.00004307,0
3198,3447,▁जसरी,216,0.00004307,0
3199,3239,▁क्वारेन्टाइन,216,0.00004307,0
3200,3254,▁विपक्षी,215,0.00004288,0
3201,3388,▁शुभकामना,215,0.00004288,0
3202,3547,▁चक्र,215,0.00004288,0
3203,3288,▁मैदान,215,0.00004288,0
3204,3656,▁दृष्टिकोण,215,0.00004288,0
3205,3508,▁अभिनेता,215,0.00004288,0
3206,3368,▁तथ्याङ्क,215,0.00004288,0
3207,3356,▁जुम्ला,215,0.00004288,0
3208,3424,िक्स,215,0.00004288,0
3209,3343,▁डेढ,214,0.00004268,0
3210,3560,▁भइसकेका,214,0.00004268,0
3211,3515,▁धन्यवाद,214,0.00004268,0
3212,3527,▁दिइने,214,0.00004268,0
3213,3816,▁नबन,214,0.00004268,0
3214,3805,▁मूल्यांकन,214,0.00004268,0
3215,3714,▁सतह,214,0.00004268,0
3216,3598,▁खिच,214,0.00004268,0
3217,3392,▁सञ्चालित,214,0.00004268,0
3218,3530,▁नेपालगञ्ज,214,0.00004268,0
3219,3796,▁नुवाकोट,213,0.00004248,0
3220,3252,▁मृतक,213,0.00004248,0
3221,3564,▁खाए,213,0.00004248,0
3222,3182,▁चिसो,213,0.00004248,0
3223,3430,▁एशिया,212,0.00004228,0
3224,3538,▁सुनुवाइ,212,0.00004228,0
3225,3469,▁विशेषज्ञ,212,0.00004228,0
3226,3395,▁सत्तारुढ,212,0.00004228,0
3227,3194,▁मास्क,212,0.00004228,0
3228,3614,▁शिविर,212,0.00004228,0
3229,3221,▁ठहर,211,0.00004208,0
3230,3210,▁आवास,211,0.00004208,0
3231,3357,▁ल्याइएको,211,0.00004208,0
3232,3375,▁तनाव,211,0.00004208,0
3233,3264,▁परिचय,211,0.00004208,0
3234,3463,▁स्थानीयवासी,211,0.00004208,0
3235,3426,▁समानुपातिक,211,0.00004208,0
3236,3772,▁विकसित,211,0.00004208,0
3237,3636,▁नकारात्मक,210,0.00004188,0
3238,3705,▁अवधारणा,210,0.00004188,0
3239,3625,▁क्रियाकलाप,210,0.00004188,0
3240,3173,▁परामर्श,210,0.00004188,0
3241,3492,▁प्रमाणपत्र,210,0.00004188,0
3242,3308,▁६४,210,0.00004188,0
3243,3355,▁मोर्चा,210,0.00004188,0
3244,3146,▁दूध,210,0.00004188,0
3245,3732,▁for,209,0.00004168,0
3246,3558,▁हतियार,209,0.00004168,0
3247,3358,▁बस्दै,209,0.00004168,0
3248,3455,▁९९,209,0.00004168,0
3249,3505,बापत,209,0.00004168,0
3250,3379,▁ऐ,208,0.00004148,0
3251,3550,▁२०७२,208,0.00004148,0
3252,3735,▁पुग्यो,208,0.00004148,0
3253,3382,▁पुलिस,208,0.00004148,0
3254,3631,▁आइसोलेसन,208,0.00004148,0
3255,3428,▁अक्सिजन,208,0.00004148,0
3256,3266,▁ग्यास,208,0.00004148,0
3257,3284,▁अभिव्यक्ति,208,0.00004148,0
3258,3228,▁वैज्ञानिक,208,0.00004148,0
3259,3739,▁तल्लो,207,0.00004128,0
3260,3387,▁धरान,207,0.00004128,0
3261,3521,▁विशाल,207,0.00004128,0
3262,3616,▁पर्यो,207,0.00004128,0
3263,3498,▁कसैलाई,207,0.00004128,0
3264,3513,▁खासै,207,0.00004128,0
3265,3174,▁२०७७,207,0.00004128,0
3266,3641,▁सम्पदा,206,0.00004108,0
3267,3333,▁तोकेको,206,0.00004108,0
3268,3294,▁विद्युतीय,206,0.00004108,0
3269,3480,▁विधा,206,0.00004108,0
3270,3336,▁सेवन,206,0.00004108,0
3271,3397,▁कञ्चनपुर,206,0.00004108,0
3272,3443,▁खुट्टा,206,0.00004108,0
3273,3328,▁मेसिन,205,0.00004088,0
3274,3828,▁वास्तवमा,205,0.00004088,0
3275,3907,▁त्याग,205,0.00004088,0
3276,3582,▁रेखा,205,0.00004088,0
3277,3441,st,204,0.00004068,0
3278,228,<0xE0>,204,0.00004068,1
3279,3083,▁ज्ञवाली,204,0.00004068,0
3280,3967,▁पूरै,204,0.00004068,0
3281,3487,▁व्यस्त,204,0.00004068,0
3282,3537,▁रामचन्द्र,204,0.00004068,0
3283,3612,▁सेतो,204,0.00004068,0
3284,3572,ड्ड,204,0.00004068,0
3285,3843,▁कल्पना,204,0.00004068,0
3286,3474,▁नपाउने,203,0.00004048,0
3287,3399,▁टाउको,203,0.00004048,0
3288,3459,▁बैंकहरु,203,0.00004048,0
3289,3701,▁सन्दीप,203,0.00004048,0
3290,3436,▁पोस्ट,203,0.00004048,0
3291,3298,मात्रै,203,0.00004048,0
3292,3225,▁सर्वाधिक,203,0.00004048,0
3293,3016,▁इजलास,203,0.00004048,0
3294,3671,▁तिहार,203,0.00004048,0
3295,3506,▁बताउनु,203,0.00004048,0
3296,3534,▁ग्रहण,202,0.00004028,0
3297,3340,मूलक,202,0.00004028,0
3298,3731,ic,202,0.00004028,0
3299,3329,▁५७,202,0.00004028,0
3300,3520,▁अधिकतम,202,0.00004028,0
3301,3410,▁कार्यविधि,202,0.00004028,0
3302,3362,▁ढुंगा,202,0.00004028,0
3303,3422,▁अवरुद्ध,202,0.00004028,0
3304,3486,▁स्थिर,202,0.00004028,0
3305,3466,▁गरिदिन,202,0.00004028,0
3306,3502,▁विक्री,202,0.00004028,0
3307,3555,▁आइरहेको,201,0.00004008,0
3308,3587,▁महर्जन,201,0.00004008,0
3309,3865,▁चाहिन्छ,201,0.00004008,0
3310,3561,▁दीर्घकालीन,201,0.00004008,0
3311,3321,▁रुपियाँ,201,0.00004008,0
3312,3648,▁औसत,201,0.00004008,0
3313,3755,सक्यो,201,0.00004008,0
3314,3535,▁बोकेर,201,0.00004008,0
3315,3748,▁सम्पादन,200,0.00003988,0
3316,3482,▁हुनसक्ने,200,0.00003988,0
3317,3488,▁अवलोकन,200,0.00003988,0
3318,3617,▁ईश्वर,200,0.00003988,0
3319,3743,▁अस्ट्रेलिया,200,0.00003988,0
3320,3339,▁टेलिभिजन,200,0.00003988,0
3321,3912,▁विभेद,200,0.00003988,0
3322,3421,▁पात्र,200,0.00003988,0
3323,3670,▁गल्ती,200,0.00003988,0
3324,3472,▁म्याग्दी,200,0.00003988,0
3325,3583,▁शिक्षण,199,0.00003968,0
3326,3825,▁काभ्रे,199,0.00003968,0
3327,3629,▁चलिरहेको,199,0.00003968,0
3328,3590,विहीन,199,0.00003968,0
3329,3440,▁टेलिकम,199,0.00003968,0
3330,3769,▁निराश,199,0.00003968,0
3331,3371,▁२०२०,199,0.00003968,0
3332,3650,ाईएको,198,0.00003949,0
3333,3789,आफ्नो,198,0.00003949,0
3334,3519,▁सङ्कलन,198,0.00003949,0
3335,3619,▁भिसा,198,0.00003949,0
3336,3729,▁सेमिफाइनल,198,0.00003949,0
3337,3666,▁निर्धारित,198,0.00003949,0
3338,3154,▁श्रीमान,198,0.00003949,0
3339,3624,▁महतो,198,0.00003949,0
3340,3529,▁प्याकेज,198,0.00003949,0
3341,3804,▁हैसियत,198,0.00003949,0
3342,3680,▁गुणस्तरीय,198,0.00003949,0
3343,3718,▁अस्वीकार,197,0.00003929,0
3344,3608,▁लाइफ,197,0.00003929,0
3345,3571,▁पत्रिका,197,0.00003929,0
3346,3400,▁अर्जुन,197,0.00003929,0
3347,3533,▁रहन्छ,197,0.00003929,0
3348,3708,▁अथवा,197,0.00003929,0
3349,3415,▁बागलुङ,197,0.00003929,0
3350,3526,ed,196,0.00003909,0
3351,3790,▁this,196,0.00003909,0
3352,3751,▁अफिस,196,0.00003909,0
3353,3511,▁मोटर,196,0.00003909,0
3354,3682,▁निरीक्षक,196,0.00003909,0
3355,3689,▁सुशासन,196,0.00003909,0
3356,3678,▁नसकिने,196,0.00003909,0
3357,3568,▁यतिबेला,196,0.00003909,0
3358,3872,▁डिग्री,196,0.00003909,0
3359,3423,▁शुरू,195,0.00003889,0
3360,3716,▁जिम्मेवार,195,0.00003889,0
3361,3937,▁स्मृति,195,0.00003889,0
3362,3600,▁मुल्य,195,0.00003889,0
3363,3850,मूल्य,195,0.00003889,0
3364,3579,▁हैन,194,0.00003869,0
3365,3649,▁महामन्त्री,194,0.00003869,0
3366,3779,▁विशिष्ट,194,0.00003869,0
3367,3565,▁इलाम,194,0.00003869,0
3368,3604,▁हल्का,194,0.00003869,0
3369,3622,▁पर्दैन,194,0.00003869,0
3370,3846,▁found,193,0.00003849,0
3371,3645,▁सक्नेछन्,193,0.00003849,0
3372,3697,▁खालको,193,0.00003849,0
3373,3845,▁सिरिज,193,0.00003849,0
3374,3352,▁फोरम,193,0.00003849,0
3375,3848,▁ads,192,0.00003829,0
3376,3847,▁position,192,0.00003829,0
3377,3313,▁दूरी,192,0.00003829,0
3378,3878,▁देवकोटा,192,0.00003829,0
3379,3471,▁गणना,192,0.00003829,0
3380,3504,▁धितोपत्र,192,0.00003829,0
3381,3787,O,192,0.00003829,0
3382,3544,▁नआए,191,0.00003809,0
3383,3411,▁फाइनान्स,191,0.00003809,0
3384,3871,▁बिरुवा,191,0.00003809,0
3385,3762,▁मौद्रिक,191,0.00003809,0
3386,3377,▁सुरू,191,0.00003809,0
3387,3531,ुपर्दछ,191,0.00003809,0
3388,3507,▁बेपत्ता,191,0.00003809,0
3389,3810,▁छेउ,191,0.00003809,0
3390,3677,सूची,190,0.00003789,0
3391,3654,▁सदन,190,0.00003789,0
3392,3797,▁हस्तक्षेप,190,0.00003789,0
3393,3657,▁अस्थायी,190,0.00003789,0
3394,3595,▁आकर्षित,190,0.00003789,0
3395,3376,▁समुह,190,0.00003789,0
3396,3628,▁सप्तरी,190,0.00003789,0
3397,3711,▁लिखित,190,0.00003789,0
3398,3450,▁निकुञ्ज,190,0.00003789,0
3399,3479,▁असुल,189,0.00003769,0
3400,3659,▁चाँडै,189,0.00003769,0
3401,3646,▁जलविद्युत,189,0.00003769,0
3402,3685,▁बचाउन,189,0.00003769,0
3403,3458,▁टुंगो,189,0.00003769,0
3404,3305,▁रेग्मी,189,0.00003769,0
3405,3475,▁आकर्षक,189,0.00003769,0
3406,3512,▁पहिलोपटक,189,0.00003769,0
3407,3643,▁स्मरण,189,0.00003769,0
3408,3496,▁शंका,188,0.00003749,0
3409,3884,▁मातहत,188,0.00003749,0
3410,3660,▁जागिर,188,0.00003749,0
3411,3557,▁सजिलै,188,0.00003749,0
3412,3945,▁अधिवक्ता,188,0.00003749,0
3413,3770,▁समुद्र,188,0.00003749,0
3414,3723,▁दुर्गा,188,0.00003749,0
3415,3541,▁तनहुँ,188,0.00003749,0
3416,3483,▁युवती,188,0.00003749,0
3417,3420,▁हिउँ,188,0.00003749,0
3418,3921,▁वृद्ध,188,0.00003749,0
3419,3740,▁गर्मी,188,0.00003749,0
3420,3575,▁निकालेको,187,0.00003729,0
3421,3606,▁विश्वव्यापी,187,0.00003729,0
3422,3819,▁सहसचिव,187,0.00003729,0
3423,3777,▁फर्किन,187,0.00003729,0
3424,3235,▁बालुवाटार,187,0.00003729,0
3425,3184,▁स्टार,187,0.00003729,0
3426,3586,▁नलाग,187,0.00003729,0
3427,3859,शुल्क,187,0.00003729,0
3428,3501,पाटी,187,0.00003729,0
3429,3640,▁मालिक,187,0.00003729,0
3430,3384,▁माथिल्लो,186,0.00003709,0
3431,3737,▁अडान,186,0.00003709,0
3432,3902,▁स्नातक,186,0.00003709,0
3433,3997,औ,185,0.00003689,0
3434,3744,प्रकाश,185,0.00003689,0
3435,3806,▁निगरानी,185,0.00003689,0
3436,3500,▁कार्यसमिति,185,0.00003689,0
3437,3414,▁रोकथाम,185,0.00003689,0
3438,3484,E,185,0.00003689,0
3439,3706,ha,184,0.00003669,0
3440,3536,▁बरामद,184,0.00003669,0
3441,3794,▁काठमाडौ,184,0.00003669,0
3442,3623,▁किसिमको,184,0.00003669,0
3443,3727,▁नायब,184,0.00003669,0
3444,3840,▁सहुलियत,184,0.00003669,0
3445,3920,▁हेक्टर,184,0.00003669,0
3446,3795,▁आसपास,183,0.00003649,0
3447,3776,▁हाराहारी,183,0.00003649,0
3448,3733,▁बनाउँछ,183,0.00003649,0
3449,3609,▁कागज,183,0.00003649,0
3450,3942,▁अनुकूल,182,0.00003629,0
3451,3890,▁जुनसुकै,182,0.00003629,0
3452,3556,▁आकाश,182,0.00003629,0
3453,3833,▁संस्कार,182,0.00003629,0
3454,3667,▁रिजाल,182,0.00003629,0
3455,3758,ुभएका,182,0.00003629,0
3456,3566,▁नक्कली,182,0.00003629,0
3457,3793,▁उत्तम,181,0.00003610,0
3458,3721,▁राष्ट्रियसभा,181,0.00003610,0
3459,3687,▁बाबुराम,181,0.00003610,0
3460,3746,▁देउ,181,0.00003610,0
3461,3854,▁रोपनी,181,0.00003610,0
3462,3326,▁रुपन्देही,181,0.00003610,0
3463,3726,▁शारीरिक,181,0.00003610,0
3464,3661,▁बिग्र,181,0.00003610,0
3465,3442,▁प्रालि,180,0.00003590,0
3466,3857,▁अन्नपूर्ण,180,0.00003590,0
3467,3588,▁सस्तो,180,0.00003590,0
3468,3856,▁पेट्रोल,180,0.00003590,0
3469,3774,▁एयरलाइन्स,180,0.00003590,0
3470,3594,▁इन्द्र,180,0.00003590,0
3471,3578,▁खत्री,180,0.00003590,0
3472,3692,▁गभर्नर,180,0.00003590,0
3473,3811,▁छोराछोरी,180,0.00003590,0
3474,3982,▁ऋषि,180,0.00003590,0
3475,3899,▁स्टोर,179,0.00003570,0
3476,3523,▁इलाका,179,0.00003570,0
3477,3365,▁जंगल,179,0.00003570,0
3478,3886,▁एक्लै,179,0.00003570,0
3479,3684,▁पावर,179,0.00003570,0
3480,3642,▁२०७९,178,0.00003550,0
3481,3662,▁युवराज,178,0.00003550,0
3482,3700,▁सामूहिक,178,0.00003550,0
3483,3836,▁क्षेत्रफल,178,0.00003550,0
3484,3429,▁सल्लाहकार,178,0.00003550,0
3485,3681,▁बैशाख,178,0.00003550,0
3486,3720,▁अत्यावश्यक,177,0.00003530,0
3487,3635,▁पठाइएको,177,0.00003530,0
3488,3683,ुपर्यो,177,0.00003530,0
3489,3900,▁उड्डयन,177,0.00003530,0
3490,3829,▁साधारणसभा,177,0.00003530,0
3491,3860,▁शुद्ध,177,0.00003530,0
3492,3653,▁स्वामित्व,177,0.00003530,0
3493,3610,▁मसान्तसम्म,177,0.00003530,0
3494,3478,▁ठेकेदार,176,0.00003510,0
3495,3766,▁अनुपात,176,0.00003510,0
3496,3753,▁मदन,176,0.00003510,0
3497,3658,▁आशंका,175,0.00003490,0
3498,3567,▁प्रिमियर,175,0.00003490,0
3499,3834,▁घटनास्थल,175,0.00003490,0
3500,3943,ing,174,0.00003470,0
3501,3756,ग्रस्त,174,0.00003470,0
3502,3799,▁हाउस,174,0.00003470,0
3503,3780,▁हुनसक्छ,174,0.00003470,0
3504,3824,▁हिस्सा,174,0.00003470,0
3505,3822,ाधिकार,174,0.00003470,0
3506,3978,▁तापक्रम,174,0.00003470,0
3507,3742,▁ग्लोबल,174,0.00003470,0
3508,3851,▁कागजात,174,0.00003470,0
3509,3800,िदिए,173,0.00003450,0
3510,3925,▁उपाध्याय,173,0.00003450,0
3511,3815,▁त्रैमास,173,0.00003450,0
3512,3786,▁अगुवा,173,0.00003450,0
3513,3626,▁बलिउड,172,0.00003430,0
3514,3499,▁ढोका,172,0.00003430,0
3515,3627,▁इन्धन,172,0.00003430,0
3516,3675,▁हुदै,171,0.00003410,0
3517,3540,▁स्वस्थ,171,0.00003410,0
3518,3630,▁अध्यक्षतामा,171,0.00003410,0
3519,3771,फाँट,171,0.00003410,0
3520,3929,▁कल्याण,171,0.00003410,0
3521,3775,▁संयन्त्र,170,0.00003390,0
3522,3764,▁धादिङ,170,0.00003390,0
3523,3757,नेकपा,170,0.00003390,0
3524,3584,▁प्रतिपक्षी,170,0.00003390,0
3525,3768,▁विद्यमान,170,0.00003390,0
3526,3923,▁शिखर,170,0.00003390,0
3527,3773,▁मनोनयन,170,0.00003390,0
3528,3655,▁विस्तृत,170,0.00003390,0
3529,3717,▁नरेन्द्र,169,0.00003370,0
3530,3674,एनए,169,0.00003370,0
3531,3798,ाइदिए,169,0.00003370,0
3532,3589,▁निषेधाज्ञा,169,0.00003370,0
3533,3761,▁खुल्ला,169,0.00003370,0
3534,3842,▁शक्तिशाली,169,0.00003370,0
3535,3887,पन्थी,169,0.00003370,0
3536,3730,ro,168,0.00003350,0
3537,3924,▁सम्भावित,168,0.00003350,0
3538,3832,▁पाल्पा,168,0.00003350,0
3539,3791,▁भुटान,168,0.00003350,0
3540,3958,बित्तिकै,168,0.00003350,0
3541,3835,▁लिइएको,168,0.00003350,0
3542,3785,▁गरिदिए,168,0.00003350,0
3543,3663,▁शेख,168,0.00003350,0
3544,3378,▁जलविद्युत्,168,0.00003350,0
3545,3909,▁प्रतिस्पर्धी,168,0.00003350,0
3546,3694,▁युक्रेन,168,0.00003350,0
3547,3747,▁उत्पादक,167,0.00003330,0
3548,3738,▁सिन्धुपाल्चोक,167,0.00003330,0
3549,3826,▁विनोद,167,0.00003330,0
3550,3577,▁प्रदीप,167,0.00003330,0
3551,3962,▁सुरेन्द्र,167,0.00003330,0
3552,3349,▁रियल,167,0.00003330,0
3553,3808,▁प्रयोजन,167,0.00003330,0
3554,3866,▁व्याख्या,166,0.00003310,0
3555,3712,▁No,166,0.00003310,0
3556,3861,▁बताउनुभएको,166,0.00003310,0
3557,3760,▁सिँचाइ,166,0.00003310,0
3558,3549,▁अभिनेत्री,166,0.00003310,0
3559,3939,▁निम्न,166,0.00003310,0
3560,3782,▁पेट्रोलियम,165,0.00003290,0
3561,3324,D,164,0.00003270,0
3562,3801,▁पुष्प,164,0.00003270,0
3563,3950,▁सशक्त,164,0.00003270,0
3564,3644,▁एनआरएन,164,0.00003270,0
3565,3752,▁उच्चस्तरीय,164,0.00003270,0
3566,3918,बाहिर,164,0.00003270,0
3567,3750,▁समझदारी,164,0.00003270,0
3568,3665,▁अत्यधिक,163,0.00003251,0
3569,3989,z,163,0.00003251,0
3570,3971,▁क्रियाशील,162,0.00003231,0
3571,3573,▁करीब,162,0.00003231,0
3572,3927,ऋ,162,0.00003231,0
3573,3831,▁ब्राजिल,161,0.00003211,0
3574,3495,▁आर्मी,161,0.00003211,0
3575,3713,▁बयान,161,0.00003211,0
3576,3888,▁प्राथमिक,161,0.00003211,0
3577,3403,▁परिसूचक,161,0.00003211,0
3578,3620,▁धनुषा,161,0.00003211,0
3579,3879,▁चर्को,161,0.00003211,0
3580,3934,▁आंशिक,161,0.00003211,0
3581,3991,«,161,0.00003211,0
3582,3465,▁भुसाल,160,0.00003191,0
3583,3618,▁सिनेमा,159,0.00003171,0
3584,3576,▁त्यतिबेला,159,0.00003171,0
3585,3703,▁जाँदै,159,0.00003171,0
3586,3880,▁प्रशंसा,159,0.00003171,0
3587,3877,▁बच्न,159,0.00003171,0
3588,3858,▁गुल्मी,159,0.00003171,0
3589,3268,▁लाभांश,159,0.00003171,0
3590,3669,▁रत्न,159,0.00003171,0
3591,3686,▁यसैबीच,158,0.00003151,0
3592,3417,▁खाद्यान्न,158,0.00003151,0
3593,3977,▁मन्त्रिपरिषद,158,0.00003151,0
3594,3749,▁नवलपरासी,158,0.00003151,0
3595,3814,▁आपत्ति,158,0.00003151,0
3596,3874,▁दशैं,158,0.00003151,0
3597,3386,▁जरिवाना,158,0.00003151,0
3598,3710,▁दृष्टि,158,0.00003151,0
3599,3930,G,157,0.00003131,0
3600,3883,▁तुरुन्त,157,0.00003131,0
3601,3581,▁उपभोग,156,0.00003111,0
3602,3875,▁सहमत,156,0.00003111,0
3603,3728,▁अभियोग,156,0.00003111,0
3604,3935,▁जनसङ्ख्या,156,0.00003111,0
3605,3897,▁फलफूल,156,0.00003111,0
3606,3905,▁प्रतिवद्धता,156,0.00003111,0
3607,3634,▁कारागार,156,0.00003111,0
3608,3941,▁विवेक,155,0.00003091,0
3609,3679,▁अलपत्र,155,0.00003091,0
3610,3926,▁उचाइ,155,0.00003091,0
3611,3915,▁छिट्टै,155,0.00003091,0
3612,3882,▁विद्रोह,155,0.00003091,0
3613,3516,▁सिमेन्ट,155,0.00003091,0
3614,3563,▁आगलागी,154,0.00003071,0
3615,3366,▁स्वर्ण,154,0.00003071,0
3616,3792,▁बराल,154,0.00003071,0
3617,3788,▁बाह्य,154,0.00003071,0
3618,3849,▁बिन्दु,154,0.00003071,0
3619,3844,▁कम्प्युटर,154,0.00003071,0
3620,3964,▁रहँदै,153,0.00003051,0
3621,3863,▁दिलाए,153,0.00003051,0
3622,3489,▁चाप,153,0.00003051,0
3623,3839,▁किताब,153,0.00003051,0
3624,3696,▁अफगानिस्तान,152,0.00003031,0
3625,3855,▁घन्टा,152,0.00003031,0
3626,3715,▁उसलाई,152,0.00003031,0
3627,3963,▁निष्कासन,152,0.00003031,0
3628,3803,▁पत्नी,151,0.00003011,0
3629,3908,▁भ्रम,151,0.00003011,0
3630,3722,▁महानगरीय,151,0.00003011,0
3631,3745,▁रहँदा,151,0.00003011,0
3632,3862,▁प्रकट,151,0.00003011,0
3633,3615,▁चामल,150,0.00002991,0
3634,3613,▁मनाङ,149,0.00002971,0
3635,3813,▁भैरहवा,149,0.00002971,0
3636,3910,▁जनमत,149,0.00002971,0
3637,3961,▁अभिवृद्धि,148,0.00002951,0
3638,3802,▁तस्बिर,148,0.00002951,0
3639,3876,▁कूटनीति,148,0.00002951,0
3640,3864,▁मस्यौदा,147,0.00002931,0
3641,3953,▁सिस्टम,147,0.00002931,0
3642,3901,▁वीरेन्द्र,147,0.00002931,0
3643,3725,▁सर्लाही,147,0.00002931,0
3644,230,<0xE2>,146,0.00002912,1
3645,3820,▁सञ्चारमाध्यम,146,0.00002912,0
3646,3585,▁सवारीसाधन,146,0.00002912,0
3647,3976,▁मुम्बई,146,0.00002912,0
3648,3956,▁प्रादेशिक,146,0.00002912,0
3649,3960,▁कुकुर,146,0.00002912,0
3650,3966,प्रचण्ड,145,0.00002892,0
3651,3765,▁२०७३,144,0.00002872,0
3652,3895,▁बिभिन्न,144,0.00002872,0
3653,3894,▁त्रास,144,0.00002872,0
3654,3719,▁अष्ट्रेलिया,144,0.00002872,0
3655,3984,F,143,0.00002852,0
3656,3754,▁२०१८,143,0.00002852,0
3657,3914,▁ब्रान्ड,143,0.00002852,0
3658,3970,▁बुँदे,143,0.00002852,0
3659,3783,▁ग्रुप,142,0.00002832,0
3660,3946,▁निर्णायक,142,0.00002832,0
3661,3954,▁वैकल्पिक,142,0.00002832,0
3662,3807,▁क्यापिटल,142,0.00002832,0
3663,3818,▁ट्रान्स,141,0.00002812,0
3664,3903,▁पारिश्रमिक,141,0.00002812,0
3665,3893,▁भेटवार्ता,141,0.00002812,0
3666,3952,बमोजिम,140,0.00002792,0
3667,3917,▁जलवायु,140,0.00002792,0
3668,3911,▁मेलम्ची,140,0.00002792,0
3669,3957,▁संयोजकत्वमा,139,0.00002772,0
3670,3987,x,138,0.00002752,0
3671,3906,H,137,0.00002732,0
3672,3936,▁विप्लव,137,0.00002732,0
3673,3778,‘,137,0.00002732,0
3674,3975,▁कोषाध्यक्ष,137,0.00002732,0
3675,3784,▁फरार,137,0.00002732,0
3676,3892,▁डिसेम्बर,137,0.00002732,0
3677,3885,▁भूभाग,137,0.00002732,0
3678,3596,▁राउत,136,0.00002712,0
3679,3949,▁अर्घाखाँची,136,0.00002712,0
3680,3980,▁मोडेल,136,0.00002712,0
3681,3904,▁वेबसाइट,135,0.00002692,0
3682,3823,▁युनाइटेड,135,0.00002692,0
3683,3688,▁नमुना,135,0.00002692,0
3684,3955,▁ज्योति,135,0.00002692,0
3685,3947,▁सवै,135,0.00002692,0
3686,3974,▁ढिलाइ,134,0.00002672,0
3687,3873,▁ठगी,134,0.00002672,0
3688,3959,▁लाइसेन्स,134,0.00002672,0
3689,3944,▁सिंहदरबार,134,0.00002672,0
3690,3969,▁पीसीआर,134,0.00002672,0
3691,3968,▁उत्रिए,132,0.00002632,0
3692,3821,▁पराजुली,132,0.00002632,0
3693,3868,▁हृदय,131,0.00002612,0
3694,3591,▁ढुवानी,131,0.00002612,0
3695,3891,़,131,0.00002612,0
3696,3736,le,130,0.00002592,0
3697,3938,▁एम्बुलेन्स,130,0.00002592,0
3698,3965,▁उदयपुर,128,0.00002553,0
3699,3898,▁मूर्ति,128,0.00002553,0
3700,3913,▁२०१७,128,0.00002553,0
3701,3841,▁आत्महत्या,128,0.00002553,0
3702,3838,▁हाँस,128,0.00002553,0
3703,3896,▁अनुमोदन,127,0.00002533,0
3704,3916,▁निर्देशिका,127,0.00002533,0
3705,3932,▁एनसेल,127,0.00002533,0
3706,3870,▁विमल,125,0.00002493,0
3707,3986,V,125,0.00002493,0
3708,3983,▁विपद्,124,0.00002473,0
3709,3979,▁विन्दु,123,0.00002453,0
3710,3734,▁वीरगञ्ज,123,0.00002453,0
3711,3933,▁विपन्न,122,0.00002433,0
3712,3741,▁पत्रकारिता,122,0.00002433,0
3713,132,<0x80>,121,0.00002413,1
3714,3981,▁जिकिर,121,0.00002413,0
3715,3853,▁तौल,119,0.00002373,0
3716,3889,▁महानिर्देशक,118,0.00002353,0
3717,3919,▁महोत्तरी,117,0.00002333,0
3718,3867,▁रुकुम,117,0.00002333,0
3719,3948,▁जनवरी,116,0.00002313,0
3720,3931,्याक्ट,116,0.00002313,0
3721,3973,▁च्यानल,116,0.00002313,0
3722,3928,▁चाँदी,115,0.00002293,0
3723,3988,U,111,0.00002214,0
3724,3632,▁मुटु,111,0.00002214,0
3725,3817,▁हङकङ,111,0.00002214,0
3726,3994,ञ,110,0.00002194,0
3727,3647,▁मतगणना,108,0.00002154,0
3728,168,<0xA4>,106,0.00002114,1
3729,3830,▁मर्जर,104,0.00002074,0
3730,3972,▁सैन्य,102,0.00002034,0
3731,3996,‍,100,0.00001994,0
3732,3763,▁इरान,99,0.00001974,0
3733,3922,▁रोनाल्डो,96,0.00001914,0
3734,3951,▁हकप्रद,94,0.00001875,0
3735,3985,K,93,0.00001855,0
3736,220,<0xD8>,92,0.00001835,1
3737,198,<0xC2>,88,0.00001755,1
3738,221,<0xD9>,88,0.00001755,1
3739,169,<0xA5>,85,0.00001695,1
3740,97,<0x5D>,82,0.00001635,1
3741,95,<0x5B>,82,0.00001635,1
3742,3940,▁मदिरा,79,0.00001575,0
3743,3993,j,78,0.00001555,0
3744,46,<0x2A>,78,0.00001555,1
3745,100,<0x60>,77,0.00001536,1
3746,40,<0x24>,73,0.00001456,1
3747,3990,W,72,0.00001436,0
3748,3992,ॉ,72,0.00001436,0
3749,170,<0xA6>,70,0.00001396,1
3750,201,<0xC5>,69,0.00001376,1
3751,150,<0x92>,63,0.00001256,1
3752,2926,▁बालेन,63,0.00001256,0
3753,92,<0x58>,62,0.00001236,1
3754,3101,▁सेलिब्रिटी,59,0.00001177,0
3755,2082,▁पठाउनु,49,0.00000977,0
3756,39,<0x23>,48,0.00000957,1
3757,3164,▁महानगरः,48,0.00000957,0
3758,173,<0xA9>,47,0.00000937,1
3759,68,<0x40>,47,0.00000937,1
3760,199,<0xC3>,46,0.00000917,1
3761,94,<0x5A>,46,0.00000917,1
3762,171,<0xA7>,45,0.00000897,1
3763,93,<0x59>,40,0.00000798,1
3764,47,<0x2B>,39,0.00000778,1
3765,117,<0x71>,38,0.00000758,1
3766,3998,“,37,0.00000738,0
3767,65,<0x3D>,37,0.00000738,1
3768,3999,ऐ,36,0.00000718,0
3769,181,<0xB1>,35,0.00000698,1
3770,152,<0x94>,34,0.00000678,1
3771,148,<0x90>,31,0.00000618,1
3772,78,<0x4A>,31,0.00000618,1
3773,140,<0x88>,31,0.00000618,1
3774,66,<0x3E>,28,0.00000558,1
3775,191,<0xBB>,28,0.00000558,1
3776,136,<0x84>,28,0.00000558,1
3777,180,<0xB0>,26,0.00000518,1
3778,142,<0x8A>,25,0.00000499,1
3779,193,<0xBD>,25,0.00000499,1
3780,243,<0xEF>,21,0.00000419,1
3781,187,<0xB7>,19,0.00000379,1
3782,166,<0xA2>,19,0.00000379,1
3783,164,<0xA0>,18,0.00000359,1
3784,139,<0x87>,18,0.00000359,1
3785,138,<0x86>,17,0.00000339,1
3786,190,<0xBA>,16,0.00000319,1
3787,134,<0x82>,15,0.00000299,1
3788,137,<0x85>,14,0.00000279,1
3789,85,<0x51>,13,0.00000259,1
3790,141,<0x89>,13,0.00000259,1
3791,153,<0x95>,13,0.00000259,1
3792,176,<0xAC>,12,0.00000239,1
3793,135,<0x83>,12,0.00000239,1
3794,128,<0x7C>,11,0.00000219,1
3795,162,<0x9E>,11,0.00000219,1
3796,174,<0xAA>,10,0.00000199,1
3797,133,<0x81>,10,0.00000199,1
3798,182,<0xB2>,9,0.00000179,1
3799,172,<0xA8>,9,0.00000179,1
3800,42,<0x26>,9,0.00000179,1
3801,183,<0xB3>,8,0.00000160,1
3802,151,<0x93>,8,0.00000160,1
3803,208,<0xCC>,8,0.00000160,1
3804,192,<0xBC>,7,0.00000140,1
3805,207,<0xCB>,7,0.00000140,1
3806,149,<0x91>,7,0.00000140,1
3807,167,<0xA3>,7,0.00000140,1
3808,177,<0xAD>,7,0.00000140,1
3809,179,<0xAF>,7,0.00000140,1
3810,21,<0x11>,6,0.00000120,1
3811,206,<0xCA>,6,0.00000120,1
3812,155,<0x97>,6,0.00000120,1
3813,175,<0xAB>,6,0.00000120,1
3814,189,<0xB9>,6,0.00000120,1
3815,188,<0xB8>,5,0.00000100,1
3816,195,<0xBF>,5,0.00000100,1
3817,184,<0xB4>,4,0.00000080,1
3818,145,<0x8D>,4,0.00000080,1
3819,163,<0x9F>,4,0.00000080,1
3820,20,<0x10>,3,0.00000060,1
3821,98,<0x5E>,3,0.00000060,1
3822,143,<0x8B>,3,0.00000060,1
3823,154,<0x96>,3,0.00000060,1
3824,165,<0xA1>,3,0.00000060,1
3825,200,<0xC4>,3,0.00000060,1
3826,64,<0x3C>,3,0.00000060,1
3827,130,<0x7E>,3,0.00000060,1
3828,194,<0xBE>,3,0.00000060,1
3829,146,<0x8E>,2,0.00000040,1
3830,159,<0x9B>,2,0.00000040,1
3831,211,<0xCF>,2,0.00000040,1
3832,129,<0x7D>,2,0.00000040,1
3833,186,<0xB6>,2,0.00000040,1
3834,157,<0x99>,2,0.00000040,1
3835,178,<0xAE>,2,0.00000040,1
3836,144,<0x8C>,2,0.00000040,1
3837,147,<0x8F>,1,0.00000020,1
3838,223,<0xDB>,1,0.00000020,1
3839,185,<0xB5>,1,0.00000020,1
