rank,id,piece,count,share,is_byte_fallback
1,260,।,153454,0.02764526,0
2,261,▁के,132986,0.02395788,0
3,263,▁में,99641,0.01795067,0
4,264,▁है,98010,0.01765684,0
5,265,",",94617,0.01704558,0
6,262,▁,93601,0.01686254,0
7,266,▁की,78617,0.01416312,0
8,267,▁से,61836,0.01113997,0
9,268,▁को,59777,0.01076903,0
10,269,▁और,57380,0.01033720,0
11,270,▁का,50793,0.00915053,0
12,271,ी,43803,0.00789126,0
13,272,ों,39826,0.00717479,0
14,274,▁ने,38027,0.00685069,0
15,273,▁पर,37908,0.00682926,0
16,276,न,37717,0.00679485,0
17,14,<0x0A>,37157,0.00669396,1
18,278,ल,35762,0.00644265,0
19,275,▁हैं,35145,0.00633149,0
20,280,र,33329,0.00600433,0
21,277,.,33085,0.00596038,0
22,279,▁कि,31577,0.00568870,0
23,281,ा,28937,0.00521310,0
24,285,क,28690,0.00516860,0
25,282,-,28199,0.00508015,0
26,289,म,27026,0.00486883,0
27,284,▁भी,26765,0.00482181,0
28,283,0,26309,0.00473966,0
29,287,1,25659,0.00462256,0
30,288,▁एक,25627,0.00461679,0
31,286,2,25436,0.00458238,0
32,291,स,21815,0.00393005,0
33,290,▁लिए,21197,0.00381871,0
34,292,▁कर,19900,0.00358505,0
35,296,ने,19719,0.00355245,0
36,293,▁इस,19556,0.00352308,0
37,298,त,18883,0.00340184,0
38,300,ट,18864,0.00339841,0
39,294,▁नहीं,18469,0.00332725,0
40,295,▁हो,18365,0.00330852,0
41,301,ता,18205,0.00327969,0
42,297,े,17418,0.00313791,0
43,299,▁किया,16996,0.00306189,0
44,309,प,16994,0.00306153,0
45,302,▁ही,16895,0.00304369,0
46,308,ना,16726,0.00301325,0
47,304,▁था,16028,0.00288750,0
48,312,ज,15936,0.00287093,0
49,303,ं,15812,0.00284859,0
50,305,▁(,15008,0.00270374,0
51,306,▁यह,14785,0.00266357,0
52,311,▁अ,14589,0.00262826,0
53,307,▁गया,14557,0.00262249,0
54,313,व,14314,0.00257872,0
55,320,ह,13641,0.00245747,0
56,317,▁आ,13226,0.00238271,0
57,310,),12775,0.00230146,0
58,314,▁तो,12488,0.00224976,0
59,315,▁करने,12210,0.00219967,0
60,318,▁न,12050,0.00217085,0
61,322,ो,11927,0.00214869,0
62,316,▁साथ,11807,0.00212707,0
63,319,द,11739,0.00211482,0
64,323,▁स,11648,0.00209843,0
65,325,ि,11063,0.00199304,0
66,359,िक,10934,0.00196980,0
67,321,5,10922,0.00196764,0
68,344,ित,10648,0.00191827,0
69,333,ला,10536,0.00189810,0
70,324,3,10336,0.00186207,0
71,342,श,10181,0.00183414,0
72,331,य,10169,0.00183198,0
73,326,▁कहा,10152,0.00182892,0
74,327,▁बाद,9967,0.00179559,0
75,339,रा,9927,0.00178838,0
76,328,▁जा,9820,0.00176911,0
77,334,कर,9717,0.00175055,0
78,340,ग,9402,0.00169380,0
79,330,9,9332,0.00168119,0
80,329,▁जो,9304,0.00167615,0
81,353,ब,9187,0.00165507,0
82,332,4,9082,0.00163615,0
83,341,का,8944,0.00161129,0
84,335,▁अपने,8649,0.00155815,0
85,336,▁दिया,8543,0.00153905,0
86,360,री,8535,0.00153761,0
87,338,6,8404,0.00151401,0
88,337,▁तक,8344,0.00150320,0
89,367,ु,8276,0.00149095,0
90,351,▁प,8204,0.00147798,0
91,363,नी,8186,0.00147474,0
92,355,▁प्र,8085,0.00145654,0
93,352,ते,8005,0.00144213,0
94,343,▁',7961,0.00143420,0
95,362,ियों,7954,0.00143294,0
96,345,▁वह,7911,0.00142519,0
97,370,मा,7857,0.00141547,0
98,346,▁रहे,7842,0.00141276,0
99,349,▁गई,7832,0.00141096,0
100,356,ड,7830,0.00141060,0
101,350,▁हुए,7703,0.00138772,0
102,347,▁थी,7643,0.00137691,0
103,386,्य,7606,0.00137025,0
104,354,▁थे,7559,0.00136178,0
105,361,8,7411,0.00133512,0
106,348,▁-,7355,0.00132503,0
107,358,▁रहा,7348,0.00132377,0
108,371,ती,7310,0.00131692,0
109,378,ै,7233,0.00130305,0
110,381,के,7181,0.00129368,0
111,364,7,7106,0.00128017,0
112,383,ण,7084,0.00127621,0
113,366,▁म,7067,0.00127314,0
114,368,',7036,0.00126756,0
115,382,वा,6976,0.00125675,0
116,376,ू,6961,0.00125405,0
117,357,▁व,6822,0.00122901,0
118,369,▁रही,6728,0.00121207,0
119,404,ड़,6711,0.00120901,0
120,365,▁ब,6692,0.00120559,0
121,380,सी,6640,0.00119622,0
122,384,ली,6590,0.00118721,0
123,391,▁वि,6479,0.00116721,0
124,372,▁उन्होंने,6389,0.00115100,0
125,379,▁क,6359,0.00114560,0
126,385,च,6253,0.00112650,0
127,374,▁या,6214,0.00111947,0
128,387,▁दी,6187,0.00111461,0
129,396,▁ग,6170,0.00111155,0
130,377,▁कुछ,6051,0.00109011,0
131,411,ख,5957,0.00107317,0
132,375,▁रूप,5898,0.00106254,0
133,402,फ,5727,0.00103174,0
134,397,ें,5694,0.00102579,0
135,389,ओं,5680,0.00102327,0
136,373,"▁""",5664,0.00102039,0
137,405,▁वे,5659,0.00101949,0
138,403,या,5561,0.00100183,0
139,419,ले,5536,0.00099733,0
140,395,▁इसके,5513,0.00099319,0
141,398,▁करते,5511,0.00099283,0
142,399,िंग,5493,0.00098958,0
143,429,से,5491,0.00098922,0
144,390,▁पहले,5459,0.00098346,0
145,393,▁होने,5423,0.00097697,0
146,394,▁लेकिन,5406,0.00097391,0
147,408,्स,5399,0.00097265,0
148,388,:,5381,0.00096941,0
149,407,▁समय,5225,0.00094130,0
150,400,▁जाता,5225,0.00094130,0
151,406,▁गए,5216,0.00093968,0
152,454,वि,5156,0.00092887,0
153,409,▁पुलिस,5115,0.00092148,0
154,410,▁लोगों,5080,0.00091518,0
155,450,जा,5051,0.00090995,0
156,441,▁श,5036,0.00090725,0
157,412,▁भारत,5021,0.00090455,0
158,414,▁अब,5001,0.00090095,0
159,413,▁हुआ,4955,0.00089266,0
160,415,▁अपनी,4948,0.00089140,0
161,440,▁इ,4891,0.00088113,0
162,464,▁नि,4860,0.00087555,0
163,431,ंग,4838,0.00087158,0
164,432,को,4803,0.00086528,0
165,427,▁मे,4800,0.00086474,0
166,448,सा,4722,0.00085068,0
167,434,ौ,4704,0.00084744,0
168,475,ीय,4688,0.00084456,0
169,418,▁दो,4664,0.00084024,0
170,401,्,4652,0.00083807,0
171,420,▁किसी,4630,0.00083411,0
172,449,▁सं,4629,0.00083393,0
173,417,▁वाले,4618,0.00083195,0
174,424,▁कई,4607,0.00082997,0
175,426,e,4542,0.00081826,0
176,416,▁कोई,4534,0.00081682,0
177,422,▁हुई,4534,0.00081682,0
178,421,▁ज,4528,0.00081573,0
179,423,ए,4527,0.00081555,0
180,392,ई,4474,0.00080601,0
181,430,▁बात,4464,0.00080420,0
182,446,▁त,4446,0.00080096,0
183,524,भ,4431,0.00079826,0
184,439,▁तरह,4419,0.00079610,0
185,463,की,4396,0.00079195,0
186,490,नि,4376,0.00078835,0
187,428,▁उनके,4372,0.00078763,0
188,515,ाई,4369,0.00078709,0
189,433,▁आप,4367,0.00078673,0
190,436,▁इन,4364,0.00078619,0
191,447,िया,4345,0.00078277,0
192,459,ंड,4338,0.00078151,0
193,465,पुर,4338,0.00078151,0
194,452,थ,4328,0.00077970,0
195,486,ति,4305,0.00077556,0
196,492,▁मु,4298,0.00077430,0
197,425,▁द्वारा,4298,0.00077430,0
198,480,त्र,4257,0.00076691,0
199,438,▁जब,4169,0.00075106,0
200,491,▁सा,4164,0.00075016,0
201,443,▁कम,4149,0.00074746,0
202,473,▁पा,4131,0.00074421,0
203,437,▁होता,4100,0.00073863,0
204,457,ः,4084,0.00073575,0
205,469,▁ए,4082,0.00073539,0
206,467,▁उ,4064,0.00073214,0
207,435,▁सरकार,4048,0.00072926,0
208,444,▁द,4043,0.00072836,0
209,472,दा,4019,0.00072404,0
210,455,▁नाम,4016,0.00072350,0
211,532,ष,3981,0.00071719,0
212,494,कार,3976,0.00071629,0
213,451,▁सकता,3963,0.00071395,0
214,453,▁लेकर,3937,0.00070926,0
215,445,▁दिन,3906,0.00070368,0
216,458,रे,3892,0.00070116,0
217,471,▁बार,3882,0.00069936,0
218,442,▁ये,3876,0.00069827,0
219,461,▁बताया,3847,0.00069305,0
220,466,▁काम,3839,0.00069161,0
221,539,प्र,3828,0.00068963,0
222,509,स्ट,3804,0.00068530,0
223,470,▁उन्हें,3778,0.00068062,0
224,485,स्त,3768,0.00067882,0
225,460,▁सिंह,3764,0.00067810,0
226,481,▁ह,3728,0.00067161,0
227,692,उ,3718,0.00066981,0
228,489,o,3710,0.00066837,0
229,476,▁करना,3700,0.00066657,0
230,468,जी,3698,0.00066621,0
231,474,▁ले,3681,0.00066314,0
232,556,ंद,3659,0.00065918,0
233,533,▁च,3653,0.00065810,0
234,546,बा,3652,0.00065792,0
235,629,अ,3624,0.00065288,0
236,554,क्ष,3592,0.00064711,0
237,514,हा,3582,0.00064531,0
238,520,ँ,3582,0.00064531,0
239,479,▁आज,3581,0.00064513,0
240,456,▁साल,3579,0.00064477,0
241,508,▁ना,3565,0.00064225,0
242,493,गा,3559,0.00064117,0
243,488,"""",3546,0.00063882,0
244,462,▁तथा,3518,0.00063378,0
245,482,▁देश,3493,0.00062928,0
246,498,▁घर,3464,0.00062405,0
247,483,▁लोग,3453,0.00062207,0
248,478,▁कारण,3451,0.00062171,0
249,477,▁सभी,3449,0.00062135,0
250,571,▁ल,3440,0.00061973,0
251,484,▁बहुत,3437,0.00061919,0
252,497,▁दौरान,3403,0.00061306,0
253,584,क्,3385,0.00060982,0
254,528,s,3380,0.00060892,0
255,499,▁मा,3365,0.00060622,0
256,487,▁फिर,3361,0.00060550,0
257,504,▁हर,3329,0.00059973,0
258,612,ृ,3328,0.00059955,0
259,518,ॉ,3324,0.00059883,0
260,522,▁राज्य,3292,0.00059307,0
261,525,मी,3271,0.00058928,0
262,547,मे,3267,0.00058856,0
263,501,▁लिया,3254,0.00058622,0
264,567,र्,3235,0.00058280,0
265,566,ंस,3232,0.00058226,0
266,511,▁सु,3224,0.00058081,0
267,540,▁सी,3221,0.00058027,0
268,507,▁उसके,3220,0.00058009,0
269,495,▁क्षेत्र,3210,0.00057829,0
270,513,गी,3209,0.00057811,0
271,496,▁अधिक,3204,0.00057721,0
272,593,्या,3204,0.00057721,0
273,549,▁प्रति,3193,0.00057523,0
274,538,०,3179,0.00057271,0
275,519,▁सकते,3172,0.00057145,0
276,542,▁पास,3168,0.00057073,0
277,544,i,3165,0.00057019,0
278,527,▁एवं,3152,0.00056784,0
279,503,▁बीच,3148,0.00056712,0
280,512,▁फिल्म,3128,0.00056352,0
281,552,एं,3116,0.00056136,0
282,521,▁अन्य,3111,0.00056046,0
283,502,▁सबसे,3103,0.00055902,0
284,510,▁बा,3101,0.00055866,0
285,534,a,3099,0.00055830,0
286,529,▁उसे,3081,0.00055505,0
287,541,पी,3080,0.00055487,0
288,536,▁टीम,3069,0.00055289,0
289,506,▁उस,3057,0.00055073,0
290,516,▁जाने,3054,0.00055019,0
291,505,टी,3047,0.00054893,0
292,530,▁दोनों,3007,0.00054172,0
293,559,▁उप,2990,0.00053866,0
294,531,▁ख,2972,0.00053542,0
295,526,▁होगा,2965,0.00053415,0
296,500,▁हम,2960,0.00053325,0
297,535,▁उनकी,2947,0.00053091,0
298,565,पा,2928,0.00052749,0
299,619,ंट,2901,0.00052263,0
300,560,डी,2900,0.00052244,0
301,555,▁करता,2894,0.00052136,0
302,537,▁करें,2893,0.00052118,0
303,523,▁क्या,2884,0.00051956,0
304,579,▁फ,2858,0.00051488,0
305,553,▁शुरू,2854,0.00051416,0
306,596,रण,2816,0.00050731,0
307,653,दार,2797,0.00050389,0
308,580,वर,2789,0.00050245,0
309,572,ध,2779,0.00050065,0
310,517,?,2764,0.00049794,0
311,618,▁रि,2760,0.00049722,0
312,551,▁बना,2750,0.00049542,0
313,550,▁होती,2740,0.00049362,0
314,564,▁कै,2717,0.00048948,0
315,557,▁पूर्व,2713,0.00048876,0
316,575,वी,2710,0.00048822,0
317,675,न्द,2707,0.00048768,0
318,545,▁दे,2699,0.00048623,0
319,576,▁वा,2688,0.00048425,0
320,595,्यू,2672,0.00048137,0
321,659,त्त,2672,0.00048137,0
322,635,वे,2668,0.00048065,0
323,548,▁भारतीय,2665,0.00048011,0
324,608,h,2650,0.00047741,0
325,615,ठ,2639,0.00047542,0
326,676,▁सि,2619,0.00047182,0
327,561,▁चाहिए,2592,0.00046696,0
328,558,▁भ,2577,0.00046426,0
329,639,घ,2556,0.00046047,0
330,563,▁कार्य,2539,0.00045741,0
331,600,बी,2539,0.00045741,0
332,621,लि,2539,0.00045741,0
333,622,▁बे,2538,0.00045723,0
334,543,ज़,2537,0.00045705,0
335,586,▁सब,2532,0.00045615,0
336,583,▁पी,2520,0.00045399,0
337,581,t,2516,0.00045327,0
338,568,▁जी,2514,0.00045291,0
339,569,▁ऐसे,2511,0.00045237,0
340,689,ल्,2484,0.00044750,0
341,562,▁प्रदेश,2483,0.00044732,0
342,582,ओ,2471,0.00044516,0
343,644,िका,2470,0.00044498,0
344,617,मान,2469,0.00044480,0
345,801,आ,2457,0.00044264,0
346,724,छ,2454,0.00044210,0
347,578,▁ओर,2451,0.00044156,0
348,604,▁भर,2424,0.00043669,0
349,585,▁मामले,2423,0.00043651,0
350,628,d,2415,0.00043507,0
351,598,▁छ,2400,0.00043237,0
352,602,▁अपना,2389,0.00043039,0
353,620,▁गु,2388,0.00043021,0
354,594,▁सो,2386,0.00042985,0
355,762,ंज,2385,0.00042967,0
356,625,▁राज,2383,0.00042931,0
357,574,▁शामिल,2381,0.00042895,0
358,589,▁आई,2378,0.00042840,0
359,601,▁लगा,2377,0.00042822,0
360,649,जन,2364,0.00042588,0
361,592,p,2362,0.00042552,0
362,577,▁दिल्ली,2342,0.00042192,0
363,573,▁मैं,2339,0.00042138,0
364,646,▁जारी,2326,0.00041904,0
365,570,▁वाली,2324,0.00041868,0
366,669,शा,2307,0.00041561,0
367,630,टा,2292,0.00041291,0
368,638,▁इसी,2289,0.00041237,0
369,591,▁अनुसार,2280,0.00041075,0
370,683,▁ई,2268,0.00040859,0
371,588,▁वहीं,2267,0.00040841,0
372,627,दी,2265,0.00040805,0
373,599,▁यहां,2256,0.00040643,0
374,641,▁देख,2245,0.00040444,0
375,605,▁जाती,2231,0.00040192,0
376,597,▁कुमार,2216,0.00039922,0
377,660,▁गो,2202,0.00039670,0
378,607,न्,2195,0.00039544,0
379,613,▁तीन,2189,0.00039436,0
380,678,ड़ा,2185,0.00039364,0
381,637,▁जान,2183,0.00039327,0
382,647,▁इसे,2178,0.00039237,0
383,587,▁बन,2174,0.00039165,0
384,611,रो,2168,0.00039057,0
385,714,ंत,2165,0.00039003,0
386,771,ंच,2161,0.00038931,0
387,645,▁खेल,2154,0.00038805,0
388,673,▁राम,2154,0.00038805,0
389,603,▁प्रकार,2133,0.00038427,0
390,610,▁बता,2129,0.00038355,0
391,614,▁जैसे,2128,0.00038337,0
392,626,▁बढ़,2127,0.00038319,0
393,640,▁इससे,2126,0.00038301,0
394,609,▁र,2117,0.00038138,0
395,651,▁ज्यादा,2110,0.00038012,0
396,681,▁महा,2110,0.00038012,0
397,663,र्स,2103,0.00037886,0
398,623,त्,2089,0.00037634,0
399,606,▁वर्ष,2086,0.00037580,0
400,693,िल,2078,0.00037436,0
401,727,▁दा,2075,0.00037382,0
402,590,ाय,2068,0.00037256,0
403,632,▁देने,2068,0.00037256,0
404,754,मि,2067,0.00037238,0
405,716,पर,2065,0.00037202,0
406,699,हि,2059,0.00037094,0
407,636,▁कु,2055,0.00037022,0
408,703,▁ला,2054,0.00037004,0
409,655,▁आदि,2053,0.00036985,0
410,661,▁जाएगा,2049,0.00036913,0
411,642,▁होते,2047,0.00036877,0
412,697,▁रे,2043,0.00036805,0
413,772,▁डि,2039,0.00036733,0
414,634,▁किए,2039,0.00036733,0
415,723,c,2039,0.00036733,0
416,657,▁काफी,2035,0.00036661,0
417,736,▁अनु,2030,0.00036571,0
418,709,▁रो,2030,0.00036571,0
419,746,▁घ,2013,0.00036265,0
420,658,▁चुनाव,2010,0.00036211,0
421,650,▁सकती,2009,0.00036193,0
422,668,▁तब,2006,0.00036139,0
423,679,▁वो,1998,0.00035995,0
424,815,▁ता,1992,0.00035887,0
425,665,▁खिलाफ,1990,0.00035851,0
426,624,▁श्री,1990,0.00035851,0
427,648,▁सामने,1980,0.00035670,0
428,652,▁ऐसा,1978,0.00035634,0
429,718,m,1978,0.00035634,0
430,767,▁जल,1972,0.00035526,0
431,702,▁भाग,1964,0.00035382,0
432,738,▁मन,1961,0.00035328,0
433,687,▁बि,1961,0.00035328,0
434,633,▁उत्तर,1960,0.00035310,0
435,643,▁अगर,1953,0.00035184,0
436,631,▁जानकारी,1943,0.00035004,0
437,684,S,1938,0.00034914,0
438,717,▁स्व,1936,0.00034878,0
439,666,▁जीवन,1935,0.00034860,0
440,677,▁चार,1928,0.00034734,0
441,654,॥,1923,0.00034644,0
442,685,▁दर्ज,1918,0.00034553,0
443,662,▁मिल,1918,0.00034553,0
444,671,▁आपको,1912,0.00034445,0
445,667,▁प्राप्त,1907,0.00034355,0
446,690,शन,1899,0.00034211,0
447,825,ंक,1898,0.00034193,0
448,688,I,1896,0.00034157,0
449,695,▁शहर,1893,0.00034103,0
450,711,इ,1890,0.00034049,0
451,725,A,1888,0.00034013,0
452,674,▁कह,1885,0.00033959,0
453,701,▁विशेष,1882,0.00033905,0
454,744,▁पानी,1878,0.00033833,0
455,894,हार,1875,0.00033779,0
456,686,""":""",1875,0.00033779,0
457,698,▁पूरी,1874,0.00033761,0
458,779,में,1873,0.00033743,0
459,824,▁हि,1872,0.00033725,0
460,712,▁उसकी,1871,0.00033707,0
461,700,▁मह,1869,0.00033671,0
462,804,आई,1867,0.00033635,0
463,656,▁रुपये,1857,0.00033454,0
464,764,लो,1852,0.00033364,0
465,616,स्,1850,0.00033328,0
466,680,▁जांच,1849,0.00033310,0
467,691,▁बारे,1848,0.00033292,0
468,719,ियां,1843,0.00033202,0
469,672,▁मान,1839,0.00033130,0
470,734,C,1837,0.00033094,0
471,758,ेश,1828,0.00032932,0
472,682,▁विभाग,1827,0.00032914,0
473,696,▁जिसमें,1827,0.00032914,0
474,939,ेशन,1814,0.00032680,0
475,858,P,1807,0.00032554,0
476,704,▁उनका,1805,0.00032518,0
477,1002,on,1799,0.00032410,0
478,799,झ,1795,0.00032338,0
479,705,y,1792,0.00032283,0
480,737,क्स,1790,0.00032247,0
481,731,▁क्योंकि,1785,0.00032157,0
482,757,▁ली,1774,0.00031959,0
483,845,ही,1772,0.00031923,0
484,775,▁गा,1771,0.00031905,0
485,735,▁केवल,1769,0.00031869,0
486,827,▁हा,1764,0.00031779,0
487,664,▁चल,1764,0.00031779,0
488,797,▁),1762,0.00031743,0
489,733,्र,1758,0.00031671,0
490,694,▁पार्टी,1757,0.00031653,0
491,842,राज,1755,0.00031617,0
492,806,k,1744,0.00031419,0
493,729,▁उन,1737,0.00031293,0
494,820,ar,1735,0.00031257,0
495,787,पाल,1735,0.00031257,0
496,747,▁आगे,1734,0.00031239,0
497,830,स्क,1729,0.00031149,0
498,751,▁मो,1729,0.00031149,0
499,722,▁परिवार,1729,0.00031149,0
500,920,द्ध,1727,0.00031112,0
501,707,▁इसका,1724,0.00031058,0
502,753,▁आने,1723,0.00031040,0
503,805,▁ओ,1721,0.00031004,0
504,843,ढ़,1720,0.00030986,0
505,922,ाइ,1718,0.00030950,0
506,721,g,1718,0.00030950,0
507,728,▁गांव,1717,0.00030932,0
508,828,ब्,1712,0.00030842,0
509,720,▁धर्म,1712,0.00030842,0
510,715,▁कांग्रेस,1707,0.00030752,0
511,732,▁इसमें,1705,0.00030716,0
512,706,▁लाख,1704,0.00030698,0
513,846,ड़ी,1699,0.00030608,0
514,756,▁चि,1685,0.00030356,0
515,883,ग्र,1684,0.00030338,0
516,765,▁बाहर,1683,0.00030320,0
517,1056,मु,1680,0.00030266,0
518,773,▁रा,1679,0.00030248,0
519,749,▁होगी,1677,0.00030212,0
520,809,▁दें,1676,0.00030194,0
521,740,▁बड़ी,1673,0.00030140,0
522,743,▁करीब,1671,0.00030104,0
523,791,१,1669,0.00030068,0
524,885,b,1667,0.00030032,0
525,710,धा,1666,0.00030014,0
526,774,▁जाते,1664,0.00029978,0
527,777,र्ज,1663,0.00029960,0
528,755,;,1660,0.00029905,0
529,848,an,1657,0.00029851,0
530,745,▁बी,1656,0.00029833,0
531,856,र्ड,1654,0.00029797,0
532,876,▁परि,1652,0.00029761,0
533,918,रु,1650,0.00029725,0
534,726,▁मांग,1641,0.00029563,0
535,792,u,1635,0.00029455,0
536,785,▁जहां,1634,0.00029437,0
537,763,""",""",1632,0.00029401,0
538,807,▁लिये,1630,0.00029365,0
539,761,टे,1628,0.00029329,0
540,759,▁हाथ,1627,0.00029311,0
541,784,▁अलग,1627,0.00029311,0
542,730,▁विकास,1627,0.00029311,0
543,768,▁पद,1623,0.00029239,0
544,670,िन,1622,0.00029221,0
545,987,▁बाल,1620,0.00029185,0
546,782,▁स्थित,1611,0.00029023,0
547,708,▁करोड़,1610,0.00029005,0
548,915,▁डे,1608,0.00028969,0
549,1011,कों,1604,0.00028897,0
550,899,▁ऑ,1603,0.00028879,0
551,941,▁सम,1594,0.00028716,0
552,850,▁मै,1587,0.00028590,0
553,795,▁मैच,1586,0.00028572,0
554,853,▁पु,1584,0.00028536,0
555,906,▁ट्र,1583,0.00028518,0
556,861,ेंट,1582,0.00028500,0
557,913,शि,1578,0.00028428,0
558,963,सु,1578,0.00028428,0
559,788,▁:,1575,0.00028374,0
560,1018,भा,1572,0.00028320,0
561,982,मन,1566,0.00028212,0
562,796,▁अलावा,1562,0.00028140,0
563,766,ये,1561,0.00028122,0
564,895,चा,1559,0.00028086,0
565,802,▁मि,1555,0.00028014,0
566,881,वाद,1554,0.00027996,0
567,776,▁हालांकि,1552,0.00027960,0
568,790,▁A,1552,0.00027960,0
569,800,यर,1549,0.00027906,0
570,789,▁यदि,1549,0.00027906,0
571,769,▁चा,1547,0.00027870,0
572,1092,फा,1547,0.00027870,0
573,1168,जि,1544,0.00027816,0
574,810,▁व्यक्ति,1544,0.00027816,0
575,811,▁आया,1542,0.00027780,0
576,912,ेड,1542,0.00027780,0
577,786,▁जिस,1541,0.00027762,0
578,921,खा,1537,0.00027690,0
579,741,▁मुख्य,1536,0.00027672,0
580,958,▁यू,1532,0.00027600,0
581,778,▁दूसरे,1531,0.00027581,0
582,770,▁अभी,1527,0.00027509,0
583,865,रिया,1524,0.00027455,0
584,816,▁स्थिति,1522,0.00027419,0
585,821,▁उसने,1522,0.00027419,0
586,901,▁बै,1518,0.00027347,0
587,832,▁मीडिया,1515,0.00027293,0
588,783,▁मंत्री,1511,0.00027221,0
589,892,▁जिले,1509,0.00027185,0
590,713,ाव,1508,0.00027167,0
591,794,▁रह,1508,0.00027167,0
592,902,▁वीडियो,1507,0.00027149,0
593,803,▁इसलिए,1503,0.00027077,0
594,953,्व,1503,0.00027077,0
595,814,▁अन,1503,0.00027077,0
596,839,▁चला,1502,0.00027059,0
597,925,▁सू,1498,0.00026987,0
598,949,वार,1497,0.00026969,0
599,826,▁नई,1494,0.00026915,0
600,840,▁तैयार,1492,0.00026879,0
601,752,▁S,1490,0.00026843,0
602,818,▁आए,1490,0.00026843,0
603,977,in,1488,0.00026807,0
604,829,▁करती,1488,0.00026807,0
605,819,▁मिला,1487,0.00026789,0
606,1376,▁प्रो,1486,0.00026771,0
607,798,▁घटना,1485,0.00026753,0
608,836,▁बंद,1485,0.00026753,0
609,940,▁मार,1484,0.00026735,0
610,812,▁कभी,1482,0.00026699,0
611,793,▁नगर,1481,0.00026681,0
612,742,▁ध,1478,0.00026627,0
613,888,▁विचार,1477,0.00026609,0
614,831,▁जबकि,1476,0.00026591,0
615,947,▁सेवा,1473,0.00026537,0
616,760,ाया,1473,0.00026537,0
617,880,▁हजार,1467,0.00026429,0
618,1343,बर,1461,0.00026320,0
619,1114,▁इं,1460,0.00026302,0
620,822,▁अध्यक्ष,1452,0.00026158,0
621,980,al,1451,0.00026140,0
622,1161,कि,1449,0.00026104,0
623,875,▁वै,1449,0.00026104,0
624,748,ेट,1447,0.00026068,0
625,1189,स्थ,1446,0.00026050,0
626,739,रि,1445,0.00026032,0
627,1152,र्म,1444,0.00026014,0
628,900,▁डाल,1442,0.00025978,0
629,868,▁स्थान,1436,0.00025870,0
630,817,▁बड़े,1431,0.00025780,0
631,823,▁आरोप,1431,0.00025780,0
632,904,▁अस,1430,0.00025762,0
633,835,वन,1430,0.00025762,0
634,1234,स्व,1427,0.00025708,0
635,874,▁दिनों,1424,0.00025654,0
636,844,ष्ट,1423,0.00025636,0
637,937,न्द्र,1418,0.00025546,0
638,857,▁जीत,1417,0.00025528,0
639,852,▁केंद्र,1416,0.00025510,0
640,1024,▁पि,1412,0.00025438,0
641,1498,ेंस,1407,0.00025348,0
642,780,▁महिला,1407,0.00025348,0
643,871,▁रिपोर्ट,1406,0.00025330,0
644,834,▁खा,1406,0.00025330,0
645,916,▁संख्या,1403,0.00025276,0
646,891,▁जगह,1403,0.00025276,0
647,917,▁झ,1403,0.00025276,0
648,838,▁समझ,1403,0.00025276,0
649,841,▁उपयोग,1403,0.00025276,0
650,1047,er,1401,0.00025239,0
651,975,र्ट,1399,0.00025203,0
652,967,▁पड़,1399,0.00025203,0
653,929,▁मौत,1398,0.00025185,0
654,948,रू,1395,0.00025131,0
655,898,▁कुल,1393,0.00025095,0
656,942,▁हे,1393,0.00025095,0
657,849,▁पिछले,1393,0.00025095,0
658,855,मो,1390,0.00025041,0
659,983,सं,1378,0.00024825,0
660,1062,▁लगातार,1377,0.00024807,0
661,1026,▁स्,1377,0.00024807,0
662,951,शी,1375,0.00024771,0
663,1120,ाइट,1374,0.00024753,0
664,884,▁नजर,1372,0.00024717,0
665,1014,राम,1370,0.00024681,0
666,859,▁उसका,1368,0.00024645,0
667,1303,शु,1368,0.00024645,0
668,862,▁बड़ा,1364,0.00024573,0
669,847,▁बनाने,1364,0.00024573,0
670,833,▁रात,1364,0.00024573,0
671,837,▁बु,1362,0.00024537,0
672,1982,इस,1360,0.00024501,0
673,909,▁ध्यान,1360,0.00024501,0
674,879,▁जिससे,1358,0.00024465,0
675,952,▁अस्पताल,1356,0.00024429,0
676,854,▁दिए,1355,0.00024411,0
677,931,M,1355,0.00024411,0
678,866,यों,1355,0.00024411,0
679,864,फ़,1354,0.00024393,0
680,1155,धार,1351,0.00024339,0
681,889,n,1349,0.00024303,0
682,870,▁रहने,1347,0.00024267,0
683,1172,श्,1347,0.00024267,0
684,1139,धि,1347,0.00024267,0
685,867,▁जिसके,1342,0.00024177,0
686,957,गर,1340,0.00024141,0
687,1010,▁अप,1337,0.00024087,0
688,968,चर,1334,0.00024032,0
689,966,▁रन,1334,0.00024032,0
690,860,▁टी,1333,0.00024014,0
691,1119,▁सम्,1333,0.00024014,0
692,873,▁करके,1330,0.00023960,0
693,965,▁वजह,1329,0.00023942,0
694,1036,बल,1328,0.00023924,0
695,1063,▁कॉ,1328,0.00023924,0
696,813,ास,1327,0.00023906,0
697,1083,▁आपके,1323,0.00023834,0
698,1022,▁शि,1322,0.00023816,0
699,990,▁कल,1319,0.00023762,0
700,955,▁जाना,1316,0.00023708,0
701,893,▁योजना,1315,0.00023690,0
702,993,▁एस,1312,0.00023636,0
703,1073,ड़े,1310,0.00023600,0
704,1094,▁डा,1309,0.00023582,0
705,1317,दि,1309,0.00023582,0
706,972,र्क,1306,0.00023528,0
707,935,▁बदल,1305,0.00023510,0
708,886,▁जिला,1304,0.00023492,0
709,1013,▁आम,1302,0.00023456,0
710,882,▁पहुंच,1301,0.00023438,0
711,981,T,1301,0.00023438,0
712,943,▁ड,1301,0.00023438,0
713,989,▁खान,1300,0.00023420,0
714,877,▁वाला,1299,0.00023402,0
715,887,▁सर,1295,0.00023330,0
716,1176,"),",1291,0.00023258,0
717,944,▁पता,1290,0.00023240,0
718,1990,र्ष,1284,0.00023132,0
719,911,▁इसकी,1283,0.00023114,0
720,869,▁मुझे,1282,0.00023096,0
721,1088,▁कोरोना,1281,0.00023078,0
722,1163,▁क्र,1280,0.00023060,0
723,1044,णा,1280,0.00023060,0
724,1206,▁य,1280,0.00023060,0
725,959,आर,1280,0.00023060,0
726,872,▁C,1278,0.00023024,0
727,960,!,1277,0.00023006,0
728,903,▁निर्माण,1276,0.00022988,0
729,1032,नो,1273,0.00022934,0
730,914,▁निकल,1272,0.00022916,0
731,781,म्,1270,0.00022879,0
732,1007,बे,1269,0.00022861,0
733,908,ण्ड,1269,0.00022861,0
734,905,▁सह,1268,0.00022843,0
735,927,▁कार्यक्रम,1265,0.00022789,0
736,1242,जू,1263,0.00022753,0
737,1054,▁सर्व,1263,0.00022753,0
738,970,▁अव,1262,0.00022735,0
739,923,▁P,1261,0.00022717,0
740,878,▁स्कूल,1258,0.00022663,0
741,1415,▁पढ़,1258,0.00022663,0
742,1325,ष्ठ,1257,0.00022645,0
743,932,▁दूर,1256,0.00022627,0
744,1293,देश,1254,0.00022591,0
745,979,▁मदद,1253,0.00022573,0
746,1378,स्प,1250,0.00022519,0
747,934,▁कहना,1249,0.00022501,0
748,1058,▁स्वास्थ्य,1246,0.00022447,0
749,896,▁लगभग,1245,0.00022429,0
750,1049,▁शिव,1244,0.00022411,0
751,1289,▁दर,1244,0.00022411,0
752,999,मेंट,1243,0.00022393,0
753,910,▁आधार,1243,0.00022393,0
754,1185,रों,1243,0.00022393,0
755,924,▁शिक्षा,1242,0.00022375,0
756,1109,चार,1241,0.00022357,0
757,750,ान,1241,0.00022357,0
758,1061,जे,1240,0.00022339,0
759,956,▁तहत,1239,0.00022321,0
760,978,▁रख,1235,0.00022249,0
761,851,▁कंपनी,1234,0.00022231,0
762,1264,▁व्य,1230,0.00022159,0
763,1093,ेंद्र,1230,0.00022159,0
764,1153,▁धन,1230,0.00022159,0
765,946,▁मुख्यमंत्री,1230,0.00022159,0
766,962,▁बजे,1230,0.00022159,0
767,995,▁गिर,1229,0.00022141,0
768,1004,िस,1225,0.00022069,0
769,997,▁नए,1224,0.00022051,0
770,930,▁संबंध,1222,0.00022015,0
771,1031,▁बैठक,1222,0.00022015,0
772,926,▁बैंक,1217,0.00021925,0
773,808,़,1217,0.00021925,0
774,919,/,1215,0.00021889,0
775,961,▁प्रमुख,1214,0.00021871,0
776,863,टर,1211,0.00021817,0
777,998,▁अधिकारी,1211,0.00021817,0
778,890,▁जाए,1205,0.00021708,0
779,1048,▁लो,1202,0.00021654,0
780,907,▁विश्व,1200,0.00021618,0
781,988,त्य,1197,0.00021564,0
782,1141,▁अभि,1196,0.00021546,0
783,992,▁मुताबिक,1196,0.00021546,0
784,928,▁शो,1195,0.00021528,0
785,974,▁देते,1193,0.00021492,0
786,950,▁मंदिर,1192,0.00021474,0
787,973,▁लगे,1189,0.00021420,0
788,1294,▁कार,1189,0.00021420,0
789,1081,at,1188,0.00021402,0
790,996,▁मिली,1188,0.00021402,0
791,1037,▁देव,1187,0.00021384,0
792,1129,▁हाल,1184,0.00021330,0
793,986,▁?,1180,0.00021258,0
794,945,▁दुनिया,1179,0.00021240,0
795,1006,▁बोल,1178,0.00021222,0
796,938,▁पूरा,1177,0.00021204,0
797,1090,▁यही,1176,0.00021186,0
798,994,्म,1174,0.00021150,0
799,1060,िए,1173,0.00021132,0
800,1057,▁M,1172,0.00021114,0
801,1175,गो,1171,0.00021096,0
802,1015,▁बच्चों,1170,0.00021078,0
803,1033,▁सै,1170,0.00021078,0
804,1145,▁जन,1169,0.00021060,0
805,936,न्त,1167,0.00021024,0
806,1137,▁प्रा,1163,0.00020952,0
807,1236,ंप,1163,0.00020952,0
808,1072,ियो,1162,0.00020934,0
809,1041,त्व,1162,0.00020934,0
810,1027,▁जे,1162,0.00020934,0
811,1192,▁सौ,1159,0.00020880,0
812,933,▁बस,1157,0.00020844,0
813,964,▁शेयर,1156,0.00020826,0
814,1023,▁डॉ,1154,0.00020790,0
815,1614,श्र,1153,0.00020772,0
816,1029,सि,1151,0.00020736,0
817,1046,▁सिर्फ,1150,0.00020718,0
818,1028,▁हमारे,1150,0.00020718,0
819,1003,▁लिख,1150,0.00020718,0
820,1084,▁थीं,1149,0.00020700,0
821,976,▁आर,1144,0.00020610,0
822,1197,ेंगे,1144,0.00020610,0
823,1164,गे,1142,0.00020574,0
824,1065,▁उठा,1141,0.00020556,0
825,1021,▁पांच,1140,0.00020537,0
826,969,▁निर्देश,1139,0.00020519,0
827,1134,or,1138,0.00020501,0
828,1077,▁मध्य,1137,0.00020483,0
829,1020,▁पहली,1135,0.00020447,0
830,1076,▁कहते,1133,0.00020411,0
831,1121,▁तेज,1132,0.00020393,0
832,1091,था,1132,0.00020393,0
833,1394,▁सेना,1132,0.00020393,0
834,1050,▁देखा,1131,0.00020375,0
835,1075,वाह,1131,0.00020375,0
836,984,▁भाजपा,1131,0.00020375,0
837,1080,नाथ,1131,0.00020375,0
838,1291,▁दु,1130,0.00020357,0
839,1297,यू,1129,0.00020339,0
840,1319,िट,1128,0.00020321,0
841,1009,▁थ,1126,0.00020285,0
842,1100,▁प्रभाव,1125,0.00020267,0
843,1779,क्रम,1121,0.00020195,0
844,1205,ढ,1119,0.00020159,0
845,1368,र्थ,1118,0.00020141,0
846,985,▁राष्ट्रीय,1118,0.00020141,0
847,1411,ंगा,1117,0.00020123,0
848,1066,▁जन्म,1115,0.00020087,0
849,1448,िश,1115,0.00020087,0
850,1012,▁खुद,1114,0.00020069,0
851,1106,तर,1112,0.00020033,0
852,1127,▁पै,1110,0.00019997,0
853,1117,म्ब,1110,0.00019997,0
854,1123,▁विषय,1108,0.00019961,0
855,1238,▁भाव,1108,0.00019961,0
856,1107,▁छोड़,1107,0.00019943,0
857,1370,पन,1105,0.00019907,0
858,1276,्री,1105,0.00019907,0
859,1105,▁होना,1105,0.00019907,0
860,1535,श्व,1105,0.00019907,0
861,1136,▁मेरे,1103,0.00019871,0
862,971,▁भाषा,1102,0.00019853,0
863,1113,▁सके,1101,0.00019835,0
864,1196,B,1100,0.00019817,0
865,1277,▁मी,1099,0.00019799,0
866,1042,▁प्रदर्शन,1095,0.00019727,0
867,1089,▁बिना,1094,0.00019709,0
868,1055,▁विभिन्न,1092,0.00019673,0
869,1133,▁देखने,1090,0.00019637,0
870,1034,▁कार्रवाई,1087,0.00019583,0
871,1016,▁ऐसी,1086,0.00019565,0
872,1341,स्ट्र,1085,0.00019547,0
873,1340,▁रखने,1084,0.00019529,0
874,1118,▁परीक्षा,1083,0.00019511,0
875,1025,यो,1082,0.00019493,0
876,1255,तु,1080,0.00019457,0
877,1030,▁लेने,1079,0.00019439,0
878,1281,स्था,1079,0.00019439,0
879,1365,▁कं,1077,0.00019403,0
880,1038,७,1075,0.00019366,0
881,1082,f,1073,0.00019330,0
882,1071,▁पूरे,1073,0.00019330,0
883,1169,▁शर्मा,1073,0.00019330,0
884,1112,l,1069,0.00019258,0
885,1040,युक्त,1069,0.00019258,0
886,1174,व्य,1069,0.00019258,0
887,1045,▁एन,1069,0.00019258,0
888,1202,▁बल्कि,1068,0.00019240,0
889,1111,▁पार,1068,0.00019240,0
890,1179,R,1068,0.00019240,0
891,1101,▁लोक,1067,0.00019222,0
892,1278,र्ग,1066,0.00019204,0
893,1125,दर,1064,0.00019168,0
894,1261,वीं,1063,0.00019150,0
895,1187,E,1060,0.00019096,0
896,1130,▁लड़,1060,0.00019096,0
897,1005,द्,1060,0.00019096,0
898,1124,▁पिता,1059,0.00019078,0
899,1219,▁करा,1057,0.00019042,0
900,1000,एस,1057,0.00019042,0
901,1349,▁ज़,1057,0.00019042,0
902,1159,▁लाभ,1056,0.00019024,0
903,1435,सर,1055,0.00019006,0
904,1381,्वा,1055,0.00019006,0
905,1008,▁सुरक्षा,1055,0.00019006,0
906,1108,ौर,1054,0.00018988,0
907,1274,म्प,1053,0.00018970,0
908,1051,▁वहां,1051,0.00018934,0
909,1181,▁लग,1049,0.00018898,0
910,1035,▁भा,1049,0.00018898,0
911,1157,बू,1048,0.00018880,0
912,1052,▁पाकिस्तान,1046,0.00018844,0
913,1074,▁सुबह,1046,0.00018844,0
914,1154,रूप,1044,0.00018808,0
915,1352,ियाँ,1044,0.00018808,0
916,1158,▁टे,1041,0.00018754,0
917,1067,▁तरफ,1041,0.00018754,0
918,1095,▁जाएगी,1038,0.00018700,0
919,1346,▁स्ट,1037,0.00018682,0
920,1086,▁B,1037,0.00018682,0
921,1085,▁डी,1035,0.00018646,0
922,1151,▁शुरुआत,1034,0.00018628,0
923,1458,जर,1034,0.00018628,0
924,1160,▁होकर,1033,0.00018610,0
925,1201,▁तुम,1033,0.00018610,0
926,1110,▁जिन,1032,0.00018592,0
927,1269,▁स्प,1031,0.00018574,0
928,1320,भाव,1030,0.00018556,0
929,1131,गु,1029,0.00018538,0
930,1001,ार,1027,0.00018502,0
931,1166,▁माध्यम,1026,0.00018484,0
932,1097,▁माना,1025,0.00018466,0
933,1138,▁मां,1025,0.00018466,0
934,1059,▁२,1024,0.00018448,0
935,897,हर,1023,0.00018430,0
936,1250,▁मं,1021,0.00018394,0
937,1233,▁लाल,1021,0.00018394,0
938,1053,▁शरीर,1021,0.00018394,0
939,1183,▁नेता,1020,0.00018376,0
940,1144,▁उपलब्ध,1020,0.00018376,0
941,1079,कृत,1018,0.00018340,0
942,1295,▁पुत्र,1018,0.00018340,0
943,1247,▁सुन,1017,0.00018322,0
944,1243,w,1016,0.00018304,0
945,1482,शे,1016,0.00018304,0
946,1087,▁यादव,1015,0.00018286,0
947,1126,%,1014,0.00018268,0
948,1068,▁सड़क,1014,0.00018268,0
949,1402,▁ब्र,1012,0.00018232,0
950,1043,▁मोदी,1012,0.00018232,0
951,1102,▁मौके,1010,0.00018195,0
952,1259,र्द,1010,0.00018195,0
953,1316,ग्रह,1010,0.00018195,0
954,1069,▁सूचना,1009,0.00018177,0
955,1784,L,1007,0.00018141,0
956,1017,▁१,1006,0.00018123,0
957,1306,▁बनाए,1005,0.00018105,0
958,1840,ियर,1004,0.00018087,0
959,1534,ांत,1003,0.00018069,0
960,1417,बि,1002,0.00018051,0
961,1445,ियन,1002,0.00018051,0
962,1096,▁मौजूद,999,0.00017997,0
963,1170,▁लिखा,999,0.00017997,0
964,1064,▁स्तर,998,0.00017979,0
965,1099,▁दूसरी,997,0.00017961,0
966,1312,▁बारिश,997,0.00017961,0
967,1521,ियम,997,0.00017961,0
968,2043,न्ह,996,0.00017943,0
969,1165,▁गिरफ्तार,995,0.00017925,0
970,1132,द्र,993,0.00017889,0
971,1226,कल,992,0.00017871,0
972,1147,लू,992,0.00017871,0
973,2273,म्म,992,0.00017871,0
974,1142,▁रखा,991,0.00017853,0
975,1239,▁रुपए,991,0.00017853,0
976,1156,▁जिसे,990,0.00017835,0
977,1148,▁विरोध,989,0.00017817,0
978,1150,▁क्रिकेट,988,0.00017799,0
979,1186,न्न,986,0.00017763,0
980,1362,एफ,984,0.00017727,0
981,1244,एँ,983,0.00017709,0
982,1265,▁चुके,982,0.00017691,0
983,1178,▁दल,982,0.00017691,0
984,1230,▁पक्ष,981,0.00017673,0
985,1217,योग,980,0.00017655,0
986,1383,धी,980,0.00017655,0
987,1191,▁सहित,978,0.00017619,0
988,1070,▁ऑफ,977,0.00017601,0
989,1167,▁तौर,973,0.00017529,0
990,1774,्रो,973,0.00017529,0
991,1039,▁समाज,971,0.00017493,0
992,1305,▁जीव,971,0.00017493,0
993,991,ोर,970,0.00017475,0
994,1177,▁अर्थ,970,0.00017475,0
995,1258,यी,969,0.00017457,0
996,1273,▁खरीद,969,0.00017457,0
997,1680,ंध,969,0.00017457,0
998,1280,ार्थ,969,0.00017457,0
999,1248,▁प्रतिशत,968,0.00017439,0
1000,1451,पु,968,0.00017439,0
1001,1240,ंब,968,0.00017439,0
1002,1256,कु,967,0.00017421,0
1003,1173,▁बो,966,0.00017403,0
1004,1146,▁बाजार,965,0.00017385,0
1005,1923,ोड,965,0.00017385,0
1006,1180,▁महीने,964,0.00017367,0
1007,1078,▁चौ,964,0.00017367,0
1008,1222,▁कीमत,963,0.00017349,0
1009,1171,▁ऊपर,963,0.00017349,0
1010,1104,▁क्यों,962,0.00017331,0
1011,1382,ान्त,961,0.00017313,0
1012,1122,D,960,0.00017295,0
1013,1207,▁राशि,960,0.00017295,0
1014,1307,ल्ल,958,0.00017259,0
1015,1245,▁पे,956,0.00017223,0
1016,1162,▁कप,953,0.00017169,0
1017,1203,▁स्क,951,0.00017133,0
1018,1190,दे,950,0.00017115,0
1019,1213,्रा,949,0.00017097,0
1020,1345,▁बढ़ा,947,0.00017061,0
1021,1279,िय,947,0.00017061,0
1022,1292,▁भाई,946,0.00017043,0
1023,1552,यु,946,0.00017043,0
1024,1135,सन,945,0.00017024,0
1025,1348,निक,945,0.00017024,0
1026,1140,▁आग,944,0.00017006,0
1027,1595,स्म,943,0.00016988,0
1028,1211,▁प्रेम,943,0.00016988,0
1029,1182,▁करेंगे,942,0.00016970,0
1030,1232,▁उसी,941,0.00016952,0
1031,1361,▁कर्म,941,0.00016952,0
1032,1128,▁खबर,940,0.00016934,0
1033,1229,▁पत्र,940,0.00016934,0
1034,1309,▁थाना,940,0.00016934,0
1035,1200,▁सोशल,939,0.00016916,0
1036,1225,▁खास,938,0.00016898,0
1037,1231,देव,938,0.00016898,0
1038,1115,▁व्यवस्था,935,0.00016844,0
1039,1643,ाबाद,934,0.00016826,0
1040,1318,▁हमें,934,0.00016826,0
1041,1116,ग्,934,0.00016826,0
1042,1298,▁एम,933,0.00016808,0
1043,1149,▁अधिकारियों,932,0.00016790,0
1044,1103,▁शादी,932,0.00016790,0
1045,1282,प्त,929,0.00016736,0
1046,1731,िटी,928,0.00016718,0
1047,1561,O,927,0.00016700,0
1048,1215,२,927,0.00016700,0
1049,1198,▁कैसे,926,0.00016682,0
1050,1344,▁फा,926,0.00016682,0
1051,1354,▁हूँ,925,0.00016664,0
1052,1486,ॉल,924,0.00016646,0
1053,1401,डा,922,0.00016610,0
1054,1193,ुल,922,0.00016610,0
1055,1194,▁प्रधानमंत्री,921,0.00016592,0
1056,1199,३,921,0.00016592,0
1057,1326,णी,920,0.00016574,0
1058,1388,शास्त्र,920,0.00016574,0
1059,1253,▁!,917,0.00016520,0
1060,1214,▁बनाया,916,0.00016502,0
1061,1210,▁प्रशासन,916,0.00016502,0
1062,1288,▁सवाल,915,0.00016484,0
1063,1290,▁जि,912,0.00016430,0
1064,1237,पूर्ण,912,0.00016430,0
1065,1432,▁ति,911,0.00016412,0
1066,1412,▁जोड़,911,0.00016412,0
1067,1254,▁वापस,908,0.00016358,0
1068,1299,▁मिलने,908,0.00016358,0
1069,1433,▁लि,908,0.00016358,0
1070,1946,ेक्ट,908,0.00016358,0
1071,1331,▁समस्या,906,0.00016322,0
1072,1266,▁यहाँ,906,0.00016322,0
1073,1302,ra,905,0.00016304,0
1074,1342,▁विधायक,905,0.00016304,0
1075,1395,es,904,0.00016286,0
1076,1216,४,902,0.00016250,0
1077,1740,ed,901,0.00016232,0
1078,1366,▁पेश,901,0.00016232,0
1079,1369,N,901,0.00016232,0
1080,1689,▁ढ,899,0.00016196,0
1081,1372,▁निवासी,898,0.00016178,0
1082,1571,▁विज्ञापन,898,0.00016178,0
1083,1310,U,897,0.00016160,0
1084,1188,▁गये,896,0.00016142,0
1085,1224,▁कोर्ट,895,0.00016124,0
1086,1195,▁राजा,895,0.00016124,0
1087,1405,ल्ड,894,0.00016106,0
1088,1260,▁कानून,893,0.00016088,0
1089,1228,८,893,0.00016088,0
1090,1204,▁रंग,892,0.00016070,0
1091,1410,▁भारी,891,0.00016052,0
1092,1220,▁दक्षिण,891,0.00016052,0
1093,1520,च्च,890,0.00016034,0
1094,1375,▁आरोपी,890,0.00016034,0
1095,1227,▁यात्रा,890,0.00016034,0
1096,1463,ूल,887,0.00015980,0
1097,1268,▁हूं,887,0.00015980,0
1098,1275,▁महत्वपूर्ण,885,0.00015944,0
1099,1373,▁सीट,885,0.00015944,0
1100,1493,▁ठ,885,0.00015944,0
1101,1335,▁पीछे,885,0.00015944,0
1102,1267,▁अच्छा,885,0.00015944,0
1103,1462,▁व्यापार,884,0.00015926,0
1104,1586,बार,883,0.00015908,0
1105,1223,▁चर्चा,882,0.00015890,0
1106,1249,▁जाय,880,0.00015854,0
1107,1308,▁लगी,878,0.00015817,0
1108,1495,ठा,878,0.00015817,0
1109,1464,वें,877,0.00015799,0
1110,2248,श्च,875,0.00015763,0
1111,1241,▁भेज,873,0.00015727,0
1112,1811,वेद,873,0.00015727,0
1113,1355,▁रहते,873,0.00015727,0
1114,1351,गढ़,872,0.00015709,0
1115,1262,▁ज्ञान,872,0.00015709,0
1116,1393,▁निर्,871,0.00015691,0
1117,1443,िता,870,0.00015673,0
1118,1805,फ्,869,0.00015655,0
1119,1184,▁पो,869,0.00015655,0
1120,1337,▁ठीक,868,0.00015637,0
1121,1333,▁मामला,867,0.00015619,0
1122,1284,▁शक्ति,867,0.00015619,0
1123,1252,▁इस्तेमाल,867,0.00015619,0
1124,1251,्रे,866,0.00015601,0
1125,1549,िस्ट,866,0.00015601,0
1126,1235,ंगी,864,0.00015565,0
1127,1466,डि,864,0.00015565,0
1128,1257,▁बल,864,0.00015565,0
1129,1510,▁किसानों,864,0.00015565,0
1130,1399,▁चुका,863,0.00015547,0
1131,1300,ेन,862,0.00015529,0
1132,1296,▁जून,862,0.00015529,0
1133,1356,काल,862,0.00015529,0
1134,1286,▁लगाया,860,0.00015493,0
1135,1358,▁देता,860,0.00015493,0
1136,1359,▁जरूरत,860,0.00015493,0
1137,1491,क्षण,858,0.00015457,0
1138,1212,डे,858,0.00015457,0
1139,1434,▁मई,857,0.00015439,0
1140,1823,द्व,856,0.00015421,0
1141,1465,नगर,855,0.00015403,0
1142,1408,▁बने,854,0.00015385,0
1143,1423,▁सुविधा,853,0.00015367,0
1144,1377,it,851,0.00015331,0
1145,1457,▁T,851,0.00015331,0
1146,1398,▁छात्र,848,0.00015277,0
1147,1644,र्व,847,0.00015259,0
1148,1313,६,846,0.00015241,0
1149,1403,▁टेस्ट,845,0.00015223,0
1150,1338,▁सोच,845,0.00015223,0
1151,1323,५,845,0.00015223,0
1152,1391,भर,844,0.00015205,0
1153,1246,▁उच्च,844,0.00015205,0
1154,1478,v,843,0.00015187,0
1155,1272,▁समान,839,0.00015115,0
1156,1301,▁दिख,837,0.00015079,0
1157,1374,▁सीमा,837,0.00015079,0
1158,1626,ज़ा,836,0.00015061,0
1159,1437,▁पहचान,834,0.00015025,0
1160,1329,▁कोशिश,833,0.00015007,0
1161,1421,चित,833,0.00015007,0
1162,1098,...,832,0.00014989,0
1163,1826,पोर्ट,832,0.00014989,0
1164,1425,▁भू,828,0.00014917,0
1165,1324,▁शिकायत,827,0.00014899,0
1166,1283,तन,824,0.00014845,0
1167,1285,▁गंभीर,823,0.00014827,0
1168,1409,▁निकाल,823,0.00014827,0
1169,1357,▁पड़ा,822,0.00014809,0
1170,1413,एम,822,0.00014809,0
1171,1702,क्षा,822,0.00014809,0
1172,1431,करण,821,0.00014791,0
1173,1385,च्छ,820,0.00014773,0
1174,1322,▁पत्नी,820,0.00014773,0
1175,1531,▁चे,818,0.00014737,0
1176,1379,पे,817,0.00014719,0
1177,1143,r,817,0.00014719,0
1178,1516,▁सुख,817,0.00014719,0
1179,1270,▁रु,816,0.00014701,0
1180,1315,▁सदस्य,816,0.00014701,0
1181,1330,क़,816,0.00014701,0
1182,1771,स्त्र,815,0.00014683,0
1183,1364,▁प्रयोग,814,0.00014664,0
1184,1504,▁जल्द,813,0.00014646,0
1185,1568,▁रोग,813,0.00014646,0
1186,1461,▁देर,812,0.00014628,0
1187,1618,खे,812,0.00014628,0
1188,1332,प्प,812,0.00014628,0
1189,1449,▁ऐ,812,0.00014628,0
1190,1397,▁इंडिया,811,0.00014610,0
1191,1426,▁अगस्त,811,0.00014610,0
1192,1860,▁काल,811,0.00014610,0
1193,1479,▁सही,810,0.00014592,0
1194,1533,र्ण,810,0.00014592,0
1195,1446,▁देखते,809,0.00014574,0
1196,1221,▁जनता,807,0.00014538,0
1197,1208,वान,806,0.00014520,0
1198,1327,▁बच्चे,806,0.00014520,0
1199,1511,▁चाहते,805,0.00014502,0
1200,1792,ेश्वर,805,0.00014502,0
1201,1490,टो,804,0.00014484,0
1202,1304,▁गांधी,804,0.00014484,0
1203,1488,▁D,803,0.00014466,0
1204,1707,ट्स,802,0.00014448,0
1205,1392,▁फे,802,0.00014448,0
1206,1420,▁भगवान,802,0.00014448,0
1207,1543,▁लें,801,0.00014430,0
1208,1634,सू,801,0.00014430,0
1209,1390,▁रहता,801,0.00014430,0
1210,1336,▁इतिहास,800,0.00014412,0
1211,1418,▁फ्र,800,0.00014412,0
1212,1353,▁बच,800,0.00014412,0
1213,1380,▁होंगे,799,0.00014394,0
1214,1641,▁किस,799,0.00014394,0
1215,1471,▁पति,799,0.00014394,0
1216,1439,▁बह,799,0.00014394,0
1217,1321,▁अमेरिका,799,0.00014394,0
1218,1367,▁युद्ध,797,0.00014358,0
1219,1430,▁पूर्ण,796,0.00014340,0
1220,1682,▁कट,796,0.00014340,0
1221,1442,दान,796,0.00014340,0
1222,1452,ट्ट,794,0.00014304,0
1223,1404,▁प्रदान,791,0.00014250,0
1224,1311,▁नही,791,0.00014250,0
1225,2392,गण,790,0.00014232,0
1226,1384,क्र,789,0.00014214,0
1227,1554,▁चीन,788,0.00014196,0
1228,1454,▁चलते,786,0.00014160,0
1229,1447,▁मुंबई,786,0.00014160,0
1230,1795,ॉर्,785,0.00014142,0
1231,1360,्रि,785,0.00014142,0
1232,1523,दु,785,0.00014142,0
1233,1481,▁देशों,785,0.00014142,0
1234,1400,▁प्रकाश,785,0.00014142,0
1235,1334,▁प्रयास,784,0.00014124,0
1236,1339,▁प्रक्रिया,784,0.00014124,0
1237,1427,▁युवक,784,0.00014124,0
1238,1480,९,784,0.00014124,0
1239,1456,▁मजबूत,783,0.00014106,0
1240,1422,▁आदेश,783,0.00014106,0
1241,1513,▁नौ,783,0.00014106,0
1242,1760,्वे,783,0.00014106,0
1243,1590,▁फि,782,0.00014088,0
1244,2356,(,780,0.00014052,0
1245,1632,र्न,779,0.00014034,0
1246,2163,▁पॉ,777,0.00013998,0
1247,1019,ाने,777,0.00013998,0
1248,1469,▁शा,777,0.00013998,0
1249,1440,▁मत,776,0.00013980,0
1250,2000,ालय,775,0.00013962,0
1251,1396,▁दिल,774,0.00013944,0
1252,1517,क्त,774,0.00013944,0
1253,1979,▁बर,773,0.00013926,0
1254,1407,▁अच्छी,771,0.00013890,0
1255,1414,▁नीचे,769,0.00013854,0
1256,1573,दास,768,0.00013836,0
1257,1526,▁घायल,766,0.00013800,0
1258,1459,▁पहुंचे,765,0.00013782,0
1259,1489,▁दिखा,763,0.00013746,0
1260,1473,▁पकड़,763,0.00013746,0
1261,1582,▁चु,763,0.00013746,0
1262,1470,▁सरकारी,763,0.00013746,0
1263,1578,▁नंबर,763,0.00013746,0
1264,1735,▁योग,763,0.00013746,0
1265,1839,▁छा,762,0.00013728,0
1266,1984,र्च,761,0.00013710,0
1267,1559,and,761,0.00013710,0
1268,1363,हे,761,0.00013710,0
1269,1485,▁ग्राम,759,0.00013674,0
1270,1693,भी,758,0.00013656,0
1271,1389,▁चुकी,758,0.00013656,0
1272,1371,▁मार्ग,758,0.00013656,0
1273,1450,रत,757,0.00013638,0
1274,1527,▁देना,756,0.00013620,0
1275,1475,▁बयान,756,0.00013620,0
1276,1441,▁अंक,756,0.00013620,0
1277,1387,सार,756,0.00013620,0
1278,1287,▁बिहार,754,0.00013584,0
1279,1406,_,754,0.00013584,0
1280,1633,ल्ट,753,0.00013566,0
1281,1492,▁नव,752,0.00013548,0
1282,1653,▁वन,752,0.00013548,0
1283,1512,▁शाम,752,0.00013548,0
1284,1271,▁शब्द,752,0.00013548,0
1285,1514,▁लगता,751,0.00013530,0
1286,1597,एच,751,0.00013530,0
1287,1508,ल्स,749,0.00013493,0
1288,1574,पो,749,0.00013493,0
1289,1756,▁H,748,0.00013475,0
1290,1572,कारी,748,0.00013475,0
1291,1314,वाल,748,0.00013475,0
1292,1588,G,747,0.00013457,0
1293,1419,▁विधानसभा,747,0.00013457,0
1294,1546,▁घंटे,746,0.00013439,0
1295,1601,▁सत्य,746,0.00013439,0
1296,2702,भारत,744,0.00013403,0
1297,1599,▁फल,744,0.00013403,0
1298,1444,फी,743,0.00013385,0
1299,1577,चे,743,0.00013385,0
1300,1484,▁राय,743,0.00013385,0
1301,1218,ूर,742,0.00013367,0
1302,1468,▁अवसर,742,0.00013367,0
1303,1519,▁मानव,741,0.00013349,0
1304,1460,▁साहित्य,741,0.00013349,0
1305,1509,▁बेहतर,740,0.00013331,0
1306,1263,▁हत्या,740,0.00013331,0
1307,1515,▁मोह,740,0.00013331,0
1308,1350,गत,739,0.00013313,0
1309,1766,सो,739,0.00013313,0
1310,1782,▁अमर,738,0.00013295,0
1311,1841,मू,737,0.00013277,0
1312,1428,▁मार्च,737,0.00013277,0
1313,1477,▁आयोजित,737,0.00013277,0
1314,1539,ri,737,0.00013277,0
1315,1438,▁संगठन,736,0.00013259,0
1316,1629,▁जु,734,0.00013223,0
1317,1501,▁दिखाई,734,0.00013223,0
1318,1581,▁कमी,733,0.00013205,0
1319,1772,ीकरण,733,0.00013205,0
1320,1615,हरा,733,0.00013205,0
1321,1429,▁मैंने,733,0.00013205,0
1322,1637,▁सिर,732,0.00013187,0
1323,1328,▁गयी,731,0.00013169,0
1324,1500,▁कहीं,731,0.00013169,0
1325,2314,द्द,731,0.00013169,0
1326,1424,▁मूल,731,0.00013169,0
1327,1773,भव,731,0.00013169,0
1328,1505,▁पुरुष,730,0.00013151,0
1329,1525,▁रोक,729,0.00013133,0
1330,1530,▁आर्थिक,729,0.00013133,0
1331,2119,दू,729,0.00013133,0
1332,1584,▁छोटे,728,0.00013115,0
1333,1502,▁भूमिका,728,0.00013115,0
1334,1683,क्शन,728,0.00013115,0
1335,1754,▁गाय,727,0.00013097,0
1336,1755,▁तु,725,0.00013061,0
1337,1541,am,724,0.00013043,0
1338,2262,▁देखें,723,0.00013025,0
1339,1639,▁पसंद,723,0.00013025,0
1340,1536,▁साफ,722,0.00013007,0
1341,1467,▁बनी,722,0.00013007,0
1342,1942,is,722,0.00013007,0
1343,1474,तः,722,0.00013007,0
1344,1532,▁इतना,721,0.00012989,0
1345,1612,▁मनुष्य,721,0.00012989,0
1346,1822,स्ता,720,0.00012971,0
1347,1663,ादि,720,0.00012971,0
1348,1600,▁विवाद,718,0.00012935,0
1349,1499,▁स्थानीय,718,0.00012935,0
1350,1556,▁चीज,718,0.00012935,0
1351,1555,▁तेल,718,0.00012935,0
1352,1566,▁अभियान,717,0.00012917,0
1353,1975,जित,716,0.00012899,0
1354,1596,ुक,715,0.00012881,0
1355,1548,▁३,715,0.00012881,0
1356,1706,अप,714,0.00012863,0
1357,1673,▁फोन,714,0.00012863,0
1358,2740,di,713,0.00012845,0
1359,1538,▁अधिकार,712,0.00012827,0
1360,1625,▁रस,712,0.00012827,0
1361,1667,▁क्षेत्रों,711,0.00012809,0
1362,1718,भूत,710,0.00012791,0
1363,1920,धर,708,0.00012755,0
1364,1497,▁हिस्सा,707,0.00012737,0
1365,1628,▁प्रभावित,707,0.00012737,0
1366,1386,वास,707,0.00012737,0
1367,1565,▁राजस्थान,707,0.00012737,0
1368,1589,▁कराया,707,0.00012737,0
1369,1631,▁माता,707,0.00012737,0
1370,1769,▁एक्स,706,0.00012719,0
1371,1722,▁जय,706,0.00012719,0
1372,1711,▁वही,706,0.00012719,0
1373,1638,▁गुण,706,0.00012719,0
1374,1605,क्टर,705,0.00012701,0
1375,1646,▁जुड़े,704,0.00012683,0
1376,1570,▁सात,704,0.00012683,0
1377,1483,▁सामान्य,704,0.00012683,0
1378,2171,एक,703,0.00012665,0
1379,1453,गल,702,0.00012647,0
1380,1778,धे,700,0.00012611,0
1381,1503,▁शाह,700,0.00012611,0
1382,1545,▁गुरु,700,0.00012611,0
1383,1537,▁संबंधित,698,0.00012575,0
1384,1751,ऊ,698,0.00012575,0
1385,1524,▁जवाब,697,0.00012557,0
1386,1494,▁मौसम,696,0.00012539,0
1387,1562,▁जमा,696,0.00012539,0
1388,1664,▁प्रधान,695,0.00012521,0
1389,2016,▁धो,695,0.00012521,0
1390,1585,▁हवा,694,0.00012503,0
1391,1955,ध्य,694,0.00012503,0
1392,1476,बंध,694,0.00012503,0
1393,1717,▁बोर्ड,691,0.00012449,0
1394,1542,▁पंजाब,691,0.00012449,0
1395,1710,▁वक्त,690,0.00012431,0
1396,2086,ठी,690,0.00012431,0
1397,1569,▁जरूरी,689,0.00012413,0
1398,1487,▁बैठ,689,0.00012413,0
1399,1528,▁बर्,689,0.00012413,0
1400,1560,title,689,0.00012413,0
1401,2380,li,688,0.00012395,0
1402,1921,ूँ,688,0.00012395,0
1403,1518,िम,688,0.00012395,0
1404,1659,▁दिशा,688,0.00012395,0
1405,1661,en,685,0.00012341,0
1406,1567,▁अनेक,684,0.00012322,0
1407,1976,हो,683,0.00012304,0
1408,1671,▁घोषणा,682,0.00012286,0
1409,1540,पति,681,0.00012268,0
1410,1763,▁क्ल,681,0.00012268,0
1411,1416,ची,680,0.00012250,0
1412,1551,ाइड,680,0.00012250,0
1413,1619,वल,680,0.00012250,0
1414,1604,▁सोमवार,680,0.00012250,0
1415,1550,▁I,679,0.00012232,0
1416,1627,▁याद,679,0.00012232,0
1417,1650,▁ट्रेन,679,0.00012232,0
1418,2070,▁उत्,678,0.00012214,0
1419,1952,शील,678,0.00012214,0
1420,1708,▁किसान,678,0.00012214,0
1421,2019,ब्र,677,0.00012196,0
1422,1670,▁हमेशा,676,0.00012178,0
1423,1472,▁स्पष्ट,676,0.00012178,0
1424,1723,▁News,674,0.00012142,0
1425,2008,धान,674,0.00012142,0
1426,1885,▁परिणाम,674,0.00012142,0
1427,1878,▁हु,674,0.00012142,0
1428,1583,▁तेजी,673,0.00012124,0
1429,1496,▁महिलाओं,673,0.00012124,0
1430,1436,▁वर्ग,672,0.00012106,0
1431,1529,▁लौट,672,0.00012106,0
1432,1916,्यो,672,0.00012106,0
1433,1917,जो,670,0.00012070,0
1434,1924,मर,669,0.00012052,0
1435,1544,▁बिजली,669,0.00012052,0
1436,1647,▁पहुंचा,667,0.00012016,0
1437,1563,▁उससे,667,0.00012016,0
1438,1677,▁जमीन,666,0.00011998,0
1439,2294,▁हॉ,666,0.00011998,0
1440,2118,▁मुक्त,664,0.00011962,0
1441,1652,▁आय,662,0.00011926,0
1442,1624,▁गि,662,0.00011926,0
1443,1622,▁विजय,662,0.00011926,0
1444,1699,▁सूर्य,659,0.00011872,0
1445,1602,कू,659,0.00011872,0
1446,1694,▁पू,659,0.00011872,0
1447,1564,प्ल,658,0.00011854,0
1448,1522,▁एड,658,0.00011854,0
1449,1603,▁पाया,658,0.00011854,0
1450,1656,▁डॉक्टर,658,0.00011854,0
1451,1681,▁वस्तु,657,0.00011836,0
1452,1630,▁उम्मीद,656,0.00011818,0
1453,1607,▁सहयोग,656,0.00011818,0
1454,1967,▁गीत,656,0.00011818,0
1455,1609,▁आवश्यकता,656,0.00011818,0
1456,1580,▁ऊ,654,0.00011782,0
1457,1678,▁लेख,654,0.00011782,0
1458,1591,▁सिद्ध,654,0.00011782,0
1459,1676,▁सामाजिक,652,0.00011746,0
1460,1785,▁बल्लेबाज,650,0.00011710,0
1461,1806,ुआ,650,0.00011710,0
1462,1999,यन,649,0.00011692,0
1463,1610,▁रहती,647,0.00011656,0
1464,1775,▁रचना,647,0.00011656,0
1465,1347,▁फ़,647,0.00011656,0
1466,1594,▁मिले,646,0.00011638,0
1467,2285,▁साइ,646,0.00011638,0
1468,1734,▁गलत,646,0.00011638,0
1469,1655,▁देवी,646,0.00011638,0
1470,1705,▁जैसी,644,0.00011602,0
1471,1547,▁मेरी,644,0.00011602,0
1472,1209,ेज,643,0.00011584,0
1473,1862,▁ब्रह्म,643,0.00011584,0
1474,1575,▁N,641,0.00011548,0
1475,1725,हु,641,0.00011548,0
1476,1675,ज्ञान,641,0.00011548,0
1477,1679,ंदा,641,0.00011548,0
1478,1576,▁सलाह,640,0.00011530,0
1479,1786,▁चित्र,640,0.00011530,0
1480,1728,तो,639,0.00011512,0
1481,2120,ॉन,639,0.00011512,0
1482,1748,▁विकेट,639,0.00011512,0
1483,1828,▁राज्यों,639,0.00011512,0
1484,1651,▁वालों,637,0.00011476,0
1485,1557,▁रू,637,0.00011476,0
1486,1991,▁चुन,636,0.00011458,0
1487,1587,▁जुलाई,636,0.00011458,0
1488,2229,ेयर,636,0.00011458,0
1489,1606,▁उठ,635,0.00011440,0
1490,1737,ंद्र,634,0.00011422,0
1491,2024,▁क्ष,634,0.00011422,0
1492,1701,▁पड़ता,633,0.00011404,0
1493,1902,▁गृह,633,0.00011404,0
1494,1579,▁आवश्यक,633,0.00011404,0
1495,1947,▁कृषि,633,0.00011404,0
1496,1553,▁नदी,633,0.00011404,0
1497,1687,▁नया,632,0.00011386,0
1498,1749,▁मर,632,0.00011386,0
1499,1704,▁अनुभव,631,0.00011368,0
1500,2101,▁दि,631,0.00011368,0
1501,1724,▁G,631,0.00011368,0
1502,1814,चन,631,0.00011368,0
1503,2217,पाद,631,0.00011368,0
1504,1719,टन,630,0.00011350,0
1505,1691,ज्ज,629,0.00011332,0
1506,1623,▁पूजा,628,0.00011314,0
1507,1757,ल्ला,628,0.00011314,0
1508,1620,▁संयुक्त,628,0.00011314,0
1509,1750,ic,627,0.00011296,0
1510,1703,▁राजनीतिक,627,0.00011296,0
1511,1741,▁करवा,626,0.00011278,0
1512,1721,▁अल,625,0.00011260,0
1513,2142,हू,625,0.00011260,0
1514,2281,▁साध,625,0.00011260,0
1515,1739,एल,624,0.00011242,0
1516,1674,▁तय,623,0.00011224,0
1517,1613,▁पोस्ट,623,0.00011224,0
1518,1611,re,622,0.00011206,0
1519,1940,▁श्र,622,0.00011206,0
1520,1666,▁स्वयं,622,0.00011206,0
1521,2389,ध्या,620,0.00011170,0
1522,1640,▁फैसला,620,0.00011170,0
1523,1988,▁फ्ल,619,0.00011151,0
1524,1645,▁हासिल,619,0.00011151,0
1525,1696,दीप,619,0.00011151,0
1526,1802,▁अगले,619,0.00011151,0
1527,1697,▁बेहद,619,0.00011151,0
1528,1672,▁संभावना,617,0.00011115,0
1529,1809,▁सभा,617,0.00011115,0
1530,1764,लाल,616,0.00011097,0
1531,1658,▁अंत,615,0.00011079,0
1532,1593,▁एल,615,0.00011079,0
1533,1732,▁समेत,614,0.00011061,0
1534,1987,जीव,613,0.00011043,0
1535,2219,ात्मक,612,0.00011025,0
1536,2050,▁फु,612,0.00011025,0
1537,1506,▁R,611,0.00011007,0
1538,1714,कर्म,611,0.00011007,0
1539,1621,▁यानी,610,0.00010989,0
1540,2073,▁करे,610,0.00010989,0
1541,1688,▁K,609,0.00010971,0
1542,1617,▁ताकि,609,0.00010971,0
1543,1819,▁दुकान,609,0.00010971,0
1544,1727,▁कराने,608,0.00010953,0
1545,1712,▁राहुल,608,0.00010953,0
1546,1745,▁केंद्रीय,608,0.00010953,0
1547,1768,लैंड,608,0.00010953,0
1548,1642,▁समिति,607,0.00010935,0
1549,1882,अलग,607,0.00010935,0
1550,1817,▁न्याय,607,0.00010935,0
1551,1558,▁राष्ट्र,607,0.00010935,0
1552,1781,▁किये,606,0.00010917,0
1553,1686,▁वर्तमान,605,0.00010899,0
1554,1695,▁प्रत्येक,605,0.00010899,0
1555,1742,▁मंगलवार,605,0.00010899,0
1556,1820,साथ,604,0.00010881,0
1557,2250,णि,604,0.00010881,0
1558,1780,▁रक्षा,604,0.00010881,0
1559,1815,ha,603,0.00010863,0
1560,1700,क्ति,603,0.00010863,0
1561,2259,ात्म,603,0.00010863,0
1562,1794,▁नीति,602,0.00010845,0
1563,1726,▁लगाने,601,0.00010827,0
1564,1810,▁फोटो,601,0.00010827,0
1565,2004,ol,601,0.00010827,0
1566,1733,▁टा,599,0.00010791,0
1567,1767,धु,599,0.00010791,0
1568,2075,फे,599,0.00010791,0
1569,1692,▁बीजेपी,598,0.00010773,0
1570,1793,▁रेलवे,597,0.00010755,0
1571,1720,▁प्यार,597,0.00010755,0
1572,1777,▁समूह,597,0.00010755,0
1573,1876,▁दृष्टि,596,0.00010737,0
1574,1654,▁जिसका,596,0.00010737,0
1575,1635,▁फै,595,0.00010719,0
1576,1759,▁विश्वविद्यालय,595,0.00010719,0
1577,1863,▁इनमें,594,0.00010701,0
1578,2017,एन,594,0.00010701,0
1579,1913,▁परन्तु,594,0.00010701,0
1580,1608,ड्ड,593,0.00010683,0
1581,2180,▁मूल्य,592,0.00010665,0
1582,1846,ad,592,0.00010665,0
1583,1788,▁स्टेशन,591,0.00010647,0
1584,1883,▁दौर,590,0.00010629,0
1585,1838,ur,590,0.00010629,0
1586,1907,▁मौ,589,0.00010611,0
1587,1836,▁प्रवेश,589,0.00010611,0
1588,1898,le,588,0.00010593,0
1589,2156,भाग,588,0.00010593,0
1590,1736,▁बिल,588,0.00010593,0
1591,1915,▁चै,588,0.00010593,0
1592,1662,निया,588,0.00010593,0
1593,1729,▁सुधार,587,0.00010575,0
1594,1744,▁आपकी,585,0.00010539,0
1595,1922,▁भीतर,585,0.00010539,0
1596,1598,▁अप्रैल,584,0.00010521,0
1597,1996,▁समाप्त,584,0.00010521,0
1598,2038,▁शुभ,583,0.00010503,0
1599,1865,▁आता,582,0.00010485,0
1600,3086,र्ध,582,0.00010485,0
1601,1834,▁बावजूद,581,0.00010467,0
1602,1743,▁आयोजन,580,0.00010449,0
1603,1790,id,580,0.00010449,0
1604,2198,ज्ञा,580,0.00010449,0
1605,1758,▁बुधवार,580,0.00010449,0
1606,1747,▁चरण,580,0.00010449,0
1607,1884,्यु,580,0.00010449,0
1608,1951,▁बंगाल,579,0.00010431,0
1609,2235,▁भि,579,0.00010431,0
1610,1918,▁खोल,579,0.00010431,0
1611,1977,दो,579,0.00010431,0
1612,1803,▁हमारी,578,0.00010413,0
1613,1895,▁मामलों,578,0.00010413,0
1614,1872,▁पहुँच,578,0.00010413,0
1615,2297,बु,577,0.00010395,0
1616,1684,लिया,577,0.00010395,0
1617,1716,ंडे,577,0.00010395,0
1618,1954,▁छि,576,0.00010377,0
1619,1959,▁देखकर,576,0.00010377,0
1620,1715,▁अंदर,576,0.00010377,0
1621,1893,▁पीड़ित,575,0.00010359,0
1622,2350,िये,575,0.00010359,0
1623,2468,▁पौ,574,0.00010341,0
1624,1698,▁F,574,0.00010341,0
1625,1668,▁निवेश,572,0.00010305,0
1626,1765,▁जेल,572,0.00010305,0
1627,1877,▁कहानी,572,0.00010305,0
1628,1875,▁छह,572,0.00010305,0
1629,1753,▁कॉलेज,571,0.00010287,0
1630,1937,▁वी,571,0.00010287,0
1631,2091,▁कार्ड,570,0.00010269,0
1632,2659,▁रज,570,0.00010269,0
1633,3001,ऋ,570,0.00010269,0
1634,1931,▁आठ,569,0.00010251,0
1635,2100,ाइन,569,0.00010251,0
1636,1507,पि,568,0.00010233,0
1637,1730,▁कौन,568,0.00010233,0
1638,1816,्न,568,0.00010233,0
1639,2015,▁वृद्धि,566,0.00010197,0
1640,1776,▁शुक्रवार,565,0.00010179,0
1641,2072,भि,565,0.00010179,0
1642,2231,▁त्रि,565,0.00010179,0
1643,1844,▁छात्रों,564,0.00010161,0
1644,1874,▁खुल,564,0.00010161,0
1645,1903,वादी,564,0.00010161,0
1646,1859,▁किन्तु,564,0.00010161,0
1647,1808,▁घट,563,0.00010143,0
1648,2041,▁वर्षों,563,0.00010143,0
1649,1861,▁रविवार,563,0.00010143,0
1650,1669,▁फीसदी,563,0.00010143,0
1651,1869,▁मंत्रालय,563,0.00010143,0
1652,1896,फल,563,0.00010143,0
1653,1783,▁शव,561,0.00010107,0
1654,2030,▁पैर,561,0.00010107,0
1655,1762,▁दिवस,560,0.00010089,0
1656,1796,▁भर्ती,559,0.00010071,0
1657,1770,▁रहेगा,558,0.00010053,0
1658,1858,▁इलाज,558,0.00010053,0
1659,2338,▁भो,558,0.00010053,0
1660,2003,▁स्वीकार,558,0.00010053,0
1661,1657,▁सन्,558,0.00010053,0
1662,1851,▁पहन,557,0.00010035,0
1663,1848,▁देकर,557,0.00010035,0
1664,1798,▁स्थापित,556,0.00010017,0
1665,1648,▁मू,556,0.00010017,0
1666,1864,▁मिलता,556,0.00010017,0
1667,1799,▁निर्णय,556,0.00010017,0
1668,1972,▁जैसा,556,0.00010017,0
1669,2388,टिव,555,0.00009999,0
1670,2007,लिंग,555,0.00009999,0
1671,1945,फ्ट,555,0.00009999,0
1672,1881,▁उसमें,555,0.00009999,0
1673,1804,▁चले,554,0.00009981,0
1674,1958,ंडा,554,0.00009981,0
1675,2098,▁माँ,554,0.00009981,0
1676,1789,फो,554,0.00009981,0
1677,1857,▁वहाँ,553,0.00009962,0
1678,2116,▁डर,553,0.00009962,0
1679,1950,▁खत्म,552,0.00009944,0
1680,2266,तक,552,0.00009944,0
1681,1713,▁हटा,552,0.00009944,0
1682,1787,▁अंतिम,551,0.00009926,0
1683,1455,िप,551,0.00009926,0
1684,1944,ंडर,551,0.00009926,0
1685,1886,फर,550,0.00009908,0
1686,2540,म्बर,550,0.00009908,0
1687,1660,▁संघ,550,0.00009908,0
1688,1842,▁प्रस्ताव,550,0.00009908,0
1689,1969,hn,550,0.00009908,0
1690,2246,▁अंतर,550,0.00009908,0
1691,1797,▁भविष्य,549,0.00009890,0
1692,2154,▁आत्म,548,0.00009872,0
1693,2033,▁झा,548,0.00009872,0
1694,2696,▁औ,547,0.00009854,0
1695,1935,▁टो,547,0.00009854,0
1696,1855,▁पैदा,547,0.00009854,0
1697,2512,लाइ,546,0.00009836,0
1698,2027,▁समा,546,0.00009836,0
1699,1746,▁माल,546,0.00009836,0
1700,2256,▁लॉ,545,0.00009818,0
1701,1994,▁उनसे,545,0.00009818,0
1702,1866,▁कदम,545,0.00009818,0
1703,2051,H,544,0.00009800,0
1704,1867,▁हमला,544,0.00009800,0
1705,1685,क्षित,544,0.00009800,0
1706,1932,▁मेरा,544,0.00009800,0
1707,2097,▁अदालत,543,0.00009782,0
1708,1887,▁असर,543,0.00009782,0
1709,1948,▁जैन,543,0.00009782,0
1710,1889,▁ख़,543,0.00009782,0
1711,1824,▁हाई,542,0.00009764,0
1712,2144,एंगे,542,0.00009764,0
1713,1854,▁शिक्षक,542,0.00009764,0
1714,1910,▁नुकसान,541,0.00009746,0
1715,1690,▁पहला,541,0.00009746,0
1716,2074,भक्त,541,0.00009746,0
1717,2305,रात,541,0.00009746,0
1718,1956,▁लेते,540,0.00009728,0
1719,1847,▁दूसरा,539,0.00009710,0
1720,1934,▁विश्वास,539,0.00009710,0
1721,1911,▁दोस्त,539,0.00009710,0
1722,1791,▁उम्र,539,0.00009710,0
1723,2130,हित,539,0.00009710,0
1724,1974,▁कवि,539,0.00009710,0
1725,1928,▁मिनट,538,0.00009692,0
1726,2352,▁कविता,537,0.00009674,0
1727,1813,▁E,536,0.00009656,0
1728,2001,▁सीरीज,536,0.00009656,0
1729,2379,न्या,536,0.00009656,0
1730,1835,F,535,0.00009638,0
1731,1897,मय,535,0.00009638,0
1732,1800,▁लागू,534,0.00009620,0
1733,2084,ेन्द्र,534,0.00009620,0
1734,1807,▁नागरिक,534,0.00009620,0
1735,2152,द्वार,533,0.00009602,0
1736,1964,▁निभा,533,0.00009602,0
1737,1888,▁कला,533,0.00009602,0
1738,2655,व्या,533,0.00009602,0
1739,1873,▁उद्देश्य,531,0.00009566,0
1740,1870,▁दावा,531,0.00009566,0
1741,1927,▁तरीके,530,0.00009548,0
1742,1880,▁करेगा,530,0.00009548,0
1743,2046,▁L,529,0.00009530,0
1744,1843,▁पश्चिम,529,0.00009530,0
1745,2674,रोध,529,0.00009530,0
1746,1899,ro,528,0.00009512,0
1747,2149,il,528,0.00009512,0
1748,2087,चल,527,0.00009494,0
1749,2179,िक्स,527,0.00009494,0
1750,2141,▁of,527,0.00009494,0
1751,1949,▁जाएंगे,526,0.00009476,0
1752,1821,▁आते,526,0.00009476,0
1753,2002,▁पाल,526,0.00009476,0
1754,2335,मुख,526,0.00009476,0
1755,1738,▁अतिरिक्त,526,0.00009476,0
1756,1825,▁रोड,526,0.00009476,0
1757,1592,▁पंचायत,525,0.00009458,0
1758,1971,बो,525,0.00009458,0
1759,2013,▁सुर,525,0.00009458,0
1760,1850,▁टाइ,524,0.00009440,0
1761,1930,▁हार,524,0.00009440,0
1762,2026,as,524,0.00009440,0
1763,1906,▁विज्ञान,524,0.00009440,0
1764,2040,ॉट,523,0.00009422,0
1765,2489,डर,523,0.00009422,0
1766,2036,▁देती,523,0.00009422,0
1767,1812,▁अपराध,523,0.00009422,0
1768,1998,▁सफलता,523,0.00009422,0
1769,1966,▁खराब,522,0.00009404,0
1770,2012,▁क्षमता,522,0.00009404,0
1771,2058,▁जरिए,522,0.00009404,0
1772,1900,▁समर्थन,522,0.00009404,0
1773,1856,▁दर्शन,522,0.00009404,0
1774,2230,▁चौक,521,0.00009386,0
1775,2068,▁रिकॉर्ड,521,0.00009386,0
1776,2309,▁संस्था,520,0.00009368,0
1777,1901,▁सीएम,520,0.00009368,0
1778,2306,पुरा,520,0.00009368,0
1779,1636,नु,520,0.00009368,0
1780,1926,द्य,520,0.00009368,0
1781,1761,▁राष्ट्रपति,520,0.00009368,0
1782,2395,ाधिकार,520,0.00009368,0
1783,2052,▁नेताओं,519,0.00009350,0
1784,1845,▁सचिव,518,0.00009332,0
1785,1832,ाइल,517,0.00009314,0
1786,1709,ेगा,517,0.00009314,0
1787,1989,▁उत्पाद,517,0.00009314,0
1788,2005,▁इन्हें,516,0.00009296,0
1789,2186,▁परियोजना,516,0.00009296,0
1790,2048,▁प्रस्तुत,515,0.00009278,0
1791,2102,वै,515,0.00009278,0
1792,2099,▁उतर,515,0.00009278,0
1793,2094,st,515,0.00009278,0
1794,1925,▁लक्ष्य,514,0.00009260,0
1795,2183,र्त,514,0.00009260,0
1796,1831,▁भूमि,513,0.00009242,0
1797,1818,▁प्रथम,513,0.00009242,0
1798,1892,▁शनिवार,512,0.00009224,0
1799,2039,▁कर्मचारियों,512,0.00009224,0
1800,2010,▁कप्तान,511,0.00009206,0
1801,2423,▁वायरस,511,0.00009206,0
1802,2125,▁उत्पन्न,510,0.00009188,0
1803,1919,▁अध्ययन,509,0.00009170,0
1804,2114,▁पहुंची,508,0.00009152,0
1805,2047,ing,508,0.00009152,0
1806,1936,▁फरवरी,507,0.00009134,0
1807,1968,▁पाए,507,0.00009134,0
1808,2065,▁मैदान,507,0.00009134,0
1809,2867,▁अति,507,0.00009134,0
1810,2028,▁वीर,507,0.00009134,0
1811,2096,▁उद्योग,506,0.00009116,0
1812,2021,▁आदमी,506,0.00009116,0
1813,2090,▁जाकर,506,0.00009116,0
1814,1908,▁बॉलीवुड,506,0.00009116,0
1815,1894,▁एंड,505,0.00009098,0
1816,2079,▁फो,505,0.00009098,0
1817,1943,▁सहायता,505,0.00009098,0
1818,2139,▁वोट,505,0.00009098,0
1819,2121,▁स्टार,504,0.00009080,0
1820,2057,कर्ता,503,0.00009062,0
1821,1929,▁सामना,503,0.00009062,0
1822,1665,▁जनवरी,502,0.00009044,0
1823,2035,▁जहाँ,501,0.00009026,0
1824,2200,▁लगाए,501,0.00009026,0
1825,1953,वंश,501,0.00009026,0
1826,2563,=,501,0.00009026,0
1827,2238,▁भय,500,0.00009008,0
1828,2082,▁गति,500,0.00009008,0
1829,2029,▁स्थल,500,0.00009008,0
1830,2277,बद्ध,499,0.00008990,0
1831,2059,▁लंबे,498,0.00008972,0
1832,2147,▁मनो,498,0.00008972,0
1833,2020,▁पदार्थ,498,0.00008972,0
1834,2202,ग्राम,497,0.00008954,0
1835,1962,▁आसपास,496,0.00008936,0
1836,1879,▁दवा,496,0.00008936,0
1837,1957,▁वायरल,496,0.00008936,0
1838,2413,प्ट,496,0.00008936,0
1839,1912,▁बेटी,496,0.00008936,0
1840,2066,▁बेच,495,0.00008918,0
1841,1801,▁अथवा,495,0.00008918,0
1842,2056,ch,494,0.00008900,0
1843,1849,▁कार्यालय,494,0.00008900,0
1844,2134,गंज,494,0.00008900,0
1845,2225,म्भ,494,0.00008900,0
1846,1914,▁निजी,493,0.00008882,0
1847,2446,▁अर्,493,0.00008882,0
1848,1963,▁बातचीत,493,0.00008882,0
1849,1960,▁भावना,492,0.00008864,0
1850,2136,ृत,492,0.00008864,0
1851,2340,▁राव,491,0.00008846,0
1852,2207,▁तुलना,491,0.00008846,0
1853,2061,’,491,0.00008846,0
1854,2585,sh,489,0.00008810,0
1855,1941,▁बदलाव,488,0.00008791,0
1856,2204,ाउंड,488,0.00008791,0
1857,2077,▁मोबाइल,488,0.00008791,0
1858,1837,▁खर्च,487,0.00008773,0
1859,2034,▁युवा,487,0.00008773,0
1860,2299,रोह,487,0.00008773,0
1861,2011,▁प्रसिद्ध,487,0.00008773,0
1862,1970,▁चंद्र,486,0.00008755,0
1863,2201,ड्र,485,0.00008737,0
1864,2049,▁मुख,485,0.00008737,0
1865,2018,▁खिलाड़ी,484,0.00008719,0
1866,2104,▁बनने,484,0.00008719,0
1867,2398,▁चू,483,0.00008701,0
1868,1981,ाइज,483,0.00008701,0
1869,1829,▁शासन,483,0.00008701,0
1870,2414,भार,483,0.00008701,0
1871,2304,▁the,483,0.00008701,0
1872,2138,▁परेशान,483,0.00008701,0
1873,1904,▁नेतृत्व,482,0.00008683,0
1874,2310,▁भग,482,0.00008683,0
1875,2182,▁जुट,482,0.00008683,0
1876,2135,▁श्रद्धा,482,0.00008683,0
1877,2032,▁निगम,481,0.00008665,0
1878,2728,ृष्ट,481,0.00008665,0
1879,1909,▁कृष्ण,480,0.00008647,0
1880,2375,▁अंग,480,0.00008647,0
1881,2472,दर्श,480,0.00008647,0
1882,1830,▁आवेदन,480,0.00008647,0
1883,2063,▁गुरुवार,480,0.00008647,0
1884,2014,ुष,479,0.00008629,0
1885,2025,▁वाहन,479,0.00008629,0
1886,2062,▁तकनीक,478,0.00008611,0
1887,2499,ियत,478,0.00008611,0
1888,2110,▁पालन,478,0.00008611,0
1889,2575,▁कोविड,478,0.00008611,0
1890,2159,▁यूपी,477,0.00008593,0
1891,2420,पत्ति,477,0.00008593,0
1892,1938,स्य,477,0.00008593,0
1893,2185,▁आती,476,0.00008575,0
1894,2083,▁सुरक्षित,476,0.00008575,0
1895,1852,▁रिलीज,476,0.00008575,0
1896,2108,▁बेटे,476,0.00008575,0
1897,2644,▁सुपर,475,0.00008557,0
1898,1983,▁अक्सर,475,0.00008557,0
1899,2300,▁न्यू,475,0.00008557,0
1900,1905,▁जाति,474,0.00008539,0
1901,2436,ब्ब,474,0.00008539,0
1902,2412,▁आयु,474,0.00008539,0
1903,2203,us,473,0.00008521,0
1904,2265,▁डो,473,0.00008521,0
1905,2220,▁रखते,471,0.00008485,0
1906,2117,चि,471,0.00008485,0
1907,1961,▁खो,471,0.00008485,0
1908,2364,▁घोषित,470,0.00008467,0
1909,2085,न्स,470,0.00008467,0
1910,2115,▁वैज्ञानिक,470,0.00008467,0
1911,2211,देह,470,0.00008467,0
1912,1995,▁पुस्तक,470,0.00008467,0
1913,2078,▁घो,470,0.00008467,0
1914,1871,▁अमेरिकी,469,0.00008449,0
1915,2031,न्ना,468,0.00008431,0
1916,2538,▁भु,468,0.00008431,0
1917,2023,▁संस्थान,467,0.00008413,0
1918,1986,▁माह,467,0.00008413,0
1919,2160,▁दोष,467,0.00008413,0
1920,2162,▁मृत्यु,467,0.00008413,0
1921,2081,"{""",467,0.00008413,0
1922,2254,▁नाग,466,0.00008395,0
1923,2337,▁अन्त,466,0.00008395,0
1924,2129,▁मुश्किल,465,0.00008377,0
1925,2106,▁शानदार,465,0.00008377,0
1926,2111,▁भोजन,465,0.00008377,0
1927,2113,▁संगीत,465,0.00008377,0
1928,2366,un,465,0.00008377,0
1929,2448,▁आरोपियों,465,0.00008377,0
1930,2044,▁४,465,0.00008377,0
1931,1933,▁सांसद,464,0.00008359,0
1932,1985,▁सम्मान,464,0.00008359,0
1933,2112,slug,464,0.00008359,0
1934,2105,एसपी,464,0.00008359,0
1935,2076,डो,463,0.00008341,0
1936,2257,x,463,0.00008341,0
1937,2150,▁जानते,460,0.00008287,0
1938,2196,▁मिलेगा,460,0.00008287,0
1939,2287,▁फर्,459,0.00008269,0
1940,2241,▁W,459,0.00008269,0
1941,2227,▁मना,459,0.00008269,0
1942,2181,▁विवाह,459,0.00008269,0
1943,2272,वाई,458,0.00008251,0
1944,1939,▁जै,458,0.00008251,0
1945,1833,▁हिन्दी,458,0.00008251,0
1946,2233,▁बुला,457,0.00008233,0
1947,2339,▁पूछ,457,0.00008233,0
1948,2242,▁पैसे,457,0.00008233,0
1949,2189,▁जिनमें,456,0.00008215,0
1950,2418,ag,456,0.00008215,0
1951,2396,K,454,0.00008179,0
1952,2158,▁उत्पादन,454,0.00008179,0
1953,2864,▁रोज,454,0.00008179,0
1954,2255,▁इतनी,454,0.00008179,0
1955,2376,लोक,454,0.00008179,0
1956,2278,],454,0.00008179,0
1957,2253,▁महाराष्ट्र,453,0.00008161,0
1958,1827,▁वर्,452,0.00008143,0
1959,2177,वां,452,0.00008143,0
1960,2095,नू,452,0.00008143,0
1961,2164,▁अच्छे,451,0.00008125,0
1962,2178,▁ग्रामीण,451,0.00008125,0
1963,2122,▁तलाश,451,0.00008125,0
1964,1965,▁नियम,451,0.00008125,0
1965,2827,यंत्र,451,0.00008125,0
1966,2103,कुल,451,0.00008125,0
1967,2301,ांक,451,0.00008125,0
1968,2260,▁खोज,451,0.00008125,0
1969,1649,▁१९,451,0.00008125,0
1970,1853,▁उम्मीदवार,450,0.00008107,0
1971,2188,V,450,0.00008107,0
1972,2124,▁विस्तार,450,0.00008107,0
1973,1616,वत,450,0.00008107,0
1974,2206,स्टर,450,0.00008107,0
1975,2611,▁काव्य,450,0.00008107,0
1976,2404,झा,449,0.00008089,0
1977,2132,▁फिलहाल,449,0.00008089,0
1978,2284,▁पड़े,449,0.00008089,0
1979,1992,त्ता,449,0.00008089,0
1980,2275,▁कथा,449,0.00008089,0
1981,2783,▁अधि,448,0.00008071,0
1982,2045,▁तस्वीर,448,0.00008071,0
1983,2434,▁विशेषज्ञ,447,0.00008053,0
1984,2060,▁आयोग,447,0.00008053,0
1985,2586,▁कौ,447,0.00008053,0
1986,2080,▁सूची,447,0.00008053,0
1987,2123,▁उदाहरण,446,0.00008035,0
1988,2487,▁साम,446,0.00008035,0
1989,2407,▁फिल्मों,446,0.00008035,0
1990,2172,▁सत्ता,446,0.00008035,0
1991,2263,लेट,446,0.00008035,0
1992,2109,▁डिग्री,445,0.00008017,0
1993,2442,▁पारी,445,0.00008017,0
1994,2093,▁परिषद,445,0.00008017,0
1995,2107,▁प्रश्न,445,0.00008017,0
1996,2344,ख्या,445,0.00008017,0
1997,2347,▁बहन,445,0.00008017,0
1998,3094,▁कॉल,445,0.00008017,0
1999,2378,▁प्रभारी,445,0.00008017,0
2000,1973,▁इनके,444,0.00007999,0
2001,2258,▁शांति,443,0.00007981,0
2002,2006,▁राजधानी,443,0.00007981,0
2003,2055,▁ओवर,442,0.00007963,0
2004,2302,▁संत,442,0.00007963,0
2005,2280,▁चिंता,442,0.00007963,0
2006,2318,▁भेजा,441,0.00007945,0
2007,2126,▁रूस,441,0.00007945,0
2008,2400,▁चाहिये,441,0.00007945,0
2009,2167,▁मात्रा,440,0.00007927,0
2010,2361,▁लेना,440,0.00007927,0
2011,2308,▁व्यवहार,440,0.00007927,0
2012,2336,▁हरि,439,0.00007909,0
2013,2237,▁उनमें,439,0.00007909,0
2014,2244,▁तैयारी,439,0.00007909,0
2015,2145,▁तापमान,439,0.00007909,0
2016,2226,states,439,0.00007909,0
2017,2419,शंकर,439,0.00007909,0
2018,2146,▁सफल,438,0.00007891,0
2019,2251,▁लड़की,438,0.00007891,0
2020,2067,▁तोड़,438,0.00007891,0
2021,2161,▁प्राचीन,438,0.00007891,0
2022,2222,▁वरिष्ठ,437,0.00007873,0
2023,2009,क्क,437,0.00007873,0
2024,2221,▁प्ले,436,0.00007855,0
2025,2216,▁कब,436,0.00007855,0
2026,2137,▁दस,436,0.00007855,0
2027,2571,ॉय,436,0.00007855,0
2028,2323,▁कू,435,0.00007837,0
2029,1890,▁बहु,435,0.00007837,0
2030,2157,▁ब्रा,435,0.00007837,0
2031,2092,▁आवाज,434,0.00007819,0
2032,2212,▁विकसित,433,0.00007801,0
2033,2671,▁क्रम,433,0.00007801,0
2034,2089,▁आंदोलन,433,0.00007801,0
2035,2054,▁कपूर,433,0.00007801,0
2036,2071,▁दिसंबर,432,0.00007783,0
2037,2247,▁लाइन,432,0.00007783,0
2038,2140,hi,432,0.00007783,0
2039,2151,▁जिसकी,432,0.00007783,0
2040,2173,▁प्रमाण,432,0.00007783,0
2041,2288,▁अनुमति,432,0.00007783,0
2042,2465,▁दम,431,0.00007765,0
2043,2194,▁राहत,431,0.00007765,0
2044,2218,▁खु,431,0.00007765,0
2045,2166,▁खुश,431,0.00007765,0
2046,2239,▁गेंदबाज,430,0.00007747,0
2047,2208,▁अक्टूबर,430,0.00007747,0
2048,2320,▁सां,430,0.00007747,0
2049,2459,▁गर्म,430,0.00007747,0
2050,2127,▁शराब,429,0.00007729,0
2051,2550,▁अपील,429,0.00007729,0
2052,2191,▁अली,429,0.00007729,0
2053,2623,▁साधन,429,0.00007729,0
2054,2190,पात,429,0.00007729,0
2055,1980,▁सम्बन्ध,428,0.00007711,0
2056,228,<0xE0>,428,0.00007711,1
2057,2332,रियल,427,0.00007693,0
2058,2170,▁इलाके,427,0.00007693,0
2059,2245,▁धार्मिक,426,0.00007675,0
2060,2168,▁लखनऊ,426,0.00007675,0
2061,2192,▁स्थापना,426,0.00007675,0
2062,2471,▁मौका,425,0.00007657,0
2063,2069,▁गुजरात,425,0.00007657,0
2064,2743,▁अमित,425,0.00007657,0
2065,2473,▁चीनी,425,0.00007657,0
2066,2279,▁अहम,424,0.00007639,0
2067,2148,▁पीएम,424,0.00007639,0
2068,2772,Y,424,0.00007639,0
2069,2252,▁टूट,423,0.00007620,0
2070,2664,▁डाय,423,0.00007620,0
2071,2454,▁चोरी,423,0.00007620,0
2072,2325,▁बनाई,423,0.00007620,0
2073,2367,▁डॉलर,422,0.00007602,0
2074,2528,▁शैल,422,0.00007602,0
2075,2615,▁अल्,422,0.00007602,0
2076,2496,▁पृथ्वी,422,0.00007602,0
2077,2365,वर्त,422,0.00007602,0
2078,2276,▁नामक,421,0.00007584,0
2079,2373,▁संसद,421,0.00007584,0
2080,2894,मैं,420,0.00007566,0
2081,2195,▁आपका,420,0.00007566,0
2082,2358,▁&,420,0.00007566,0
2083,2133,▁हिंदी,419,0.00007548,0
2084,3655,औ,419,0.00007548,0
2085,2053,▁दरअसल,419,0.00007548,0
2086,2360,el,418,0.00007530,0
2087,2524,▁हालत,417,0.00007512,0
2088,3416,प्ला,417,0.00007512,0
2089,2324,▁जग,417,0.00007512,0
2090,2628,▁चलने,416,0.00007494,0
2091,2307,▁अचानक,416,0.00007494,0
2092,2470,▁V,416,0.00007494,0
2093,2267,▁कही,416,0.00007494,0
2094,2616,▁रेल,416,0.00007494,0
2095,2042,▁राजनीति,415,0.00007476,0
2096,2210,▁नरेंद्र,415,0.00007476,0
2097,2088,▁विद्यालय,415,0.00007476,0
2098,2193,गार,415,0.00007476,0
2099,2037,▁रै,415,0.00007476,0
2100,2370,▁६,415,0.00007476,0
2101,2333,▁साबित,414,0.00007458,0
2102,2469,▁खड़े,414,0.00007458,0
2103,2416,▁चोट,414,0.00007458,0
2104,2223,▁भवन,413,0.00007440,0
2105,2391,▁प्रतिनिधि,413,0.00007440,0
2106,2495,शाला,413,0.00007440,0
2107,2693,डीए,413,0.00007440,0
2108,2688,▁इन्,412,0.00007422,0
2109,3075,चु,412,0.00007422,0
2110,2353,▁दोपहर,412,0.00007422,0
2111,2290,▁५,412,0.00007422,0
2112,2942,हाँ,411,0.00007404,0
2113,2326,ज्ञ,411,0.00007404,0
2114,2131,▁सजा,410,0.00007386,0
2115,1993,▁धारा,410,0.00007386,0
2116,2128,▁प्रसाद,409,0.00007368,0
2117,2560,▁श्रम,409,0.00007368,0
2118,2153,▁प्राथमिक,409,0.00007368,0
2119,2155,▁अरब,409,0.00007368,0
2120,2605,जनक,408,0.00007350,0
2121,2877,वॉ,407,0.00007332,0
2122,2209,▁सितंबर,407,0.00007332,0
2123,2444,▁हृदय,407,0.00007332,0
2124,2303,▁सुना,407,0.00007332,0
2125,2331,▁परिजनों,406,0.00007314,0
2126,2236,▁चाहता,406,0.00007314,0
2127,2557,▁चौधरी,406,0.00007314,0
2128,2456,▁सत्र,405,0.00007296,0
2129,2184,▁संकेत,405,0.00007296,0
2130,2315,▁सामग्री,405,0.00007296,0
2131,2343,▁बातें,405,0.00007296,0
2132,2667,पन्न,405,0.00007296,0
2133,2577,▁बरामद,404,0.00007278,0
2134,1891,यां,404,0.00007278,0
2135,2657,▁खाना,404,0.00007278,0
2136,2573,भाष,404,0.00007278,0
2137,2371,▁ऑनलाइन,403,0.00007260,0
2138,2283,▁सौंप,403,0.00007260,0
2139,2213,▁संभव,403,0.00007260,0
2140,2523,▁रखें,403,0.00007260,0
2141,2437,▁विमान,403,0.00007260,0
2142,2298,j,402,0.00007242,0
2143,2268,▁गेंद,402,0.00007242,0
2144,2517,▁संग,402,0.00007242,0
2145,2313,▁अवधि,402,0.00007242,0
2146,2488,▁इच्छा,402,0.00007242,0
2147,2143,▁योग्य,402,0.00007242,0
2148,2848,▁तू,401,0.00007224,0
2149,2165,▁खाने,401,0.00007224,0
2150,2295,▁उनको,401,0.00007224,0
2151,3061,▁ग्ल,401,0.00007224,0
2152,2176,▁बाइक,401,0.00007224,0
2153,2064,▁पुरस्कार,401,0.00007224,0
2154,2205,▁घाट,400,0.00007206,0
2155,2224,▁ऑस्ट्रेलिया,400,0.00007206,0
2156,2860,बोध,400,0.00007206,0
2157,2811,ध्व,400,0.00007206,0
2158,2492,▁प्रचार,399,0.00007188,0
2159,2369,▁मुकाबले,399,0.00007188,0
2160,2393,▁मार्,398,0.00007170,0
2161,2402,▁फैल,398,0.00007170,0
2162,2399,▁मिलकर,397,0.00007152,0
2163,2447,▁रखना,397,0.00007152,0
2164,3002,ot,397,0.00007152,0
2165,2810,▁नो,397,0.00007152,0
2166,2600,मैन,397,0.00007152,0
2167,2429,▁आइ,396,0.00007134,0
2168,2197,▁विधि,396,0.00007134,0
2169,2022,▁विदेश,396,0.00007134,0
2170,2739,▁मंत्र,396,0.00007134,0
2171,2505,▁आधिकारिक,396,0.00007134,0
2172,2330,▁प्राण,396,0.00007134,0
2173,2500,▁महत्व,395,0.00007116,0
2174,2346,▁बचा,394,0.00007098,0
2175,2408,▁संपर्क,394,0.00007098,0
2176,2282,▁आखिर,394,0.00007098,0
2177,2264,▁तभी,393,0.00007080,0
2178,2677,▁फसल,393,0.00007080,0
2179,2516,▁उपाय,393,0.00007080,0
2180,2199,▁पहल,393,0.00007080,0
2181,2559,▁गोली,393,0.00007080,0
2182,2232,▁छोटी,392,0.00007062,0
2183,2627,▁तीसरे,392,0.00007062,0
2184,2708,शहर,392,0.00007062,0
2185,3393,▁पार्ट,392,0.00007062,0
2186,2569,▁सक्रिय,391,0.00007044,0
2187,2578,z,391,0.00007044,0
2188,2675,▁होटल,391,0.00007044,0
2189,2363,▁आधारित,390,0.00007026,0
2190,2415,▁गिरावट,390,0.00007026,0
2191,2425,▁वृ,390,0.00007026,0
2192,2243,▁हमने,390,0.00007026,0
2193,2289,▁चाहे,389,0.00007008,0
2194,2476,▁बताते,389,0.00007008,0
2195,2286,▁चिकित्सा,389,0.00007008,0
2196,3043,मंत्री,389,0.00007008,0
2197,2234,▁गंगा,389,0.00007008,0
2198,2406,▁युग,388,0.00006990,0
2199,2999,खण्ड,387,0.00006972,0
2200,2595,▁लोकसभा,386,0.00006954,0
2201,2319,वाला,386,0.00006954,0
2202,2812,▁विद्या,386,0.00006954,0
2203,2359,▁पत्रकार,385,0.00006936,0
2204,2383,th,385,0.00006936,0
2205,2394,▁बजट,385,0.00006936,0
2206,2317,षा,385,0.00006936,0
2207,2187,ैया,384,0.00006918,0
2208,2261,▁तुरंत,384,0.00006918,0
2209,2497,▁मीटर,383,0.00006900,0
2210,2351,▁दबाव,383,0.00006900,0
2211,2541,▁कठिन,383,0.00006900,0
2212,2501,▁मॉडल,383,0.00006900,0
2213,2381,▁इंग्लैंड,382,0.00006882,0
2214,2374,ग्न,382,0.00006882,0
2215,2698,व्ह,382,0.00006882,0
2216,2665,▁भेद,382,0.00006882,0
2217,2355,▁शायद,382,0.00006882,0
2218,2554,▁भुगतान,382,0.00006882,0
2219,2292,▁मगर,382,0.00006882,0
2220,3016,▁बीज,382,0.00006882,0
2221,2991,िष्,382,0.00006882,0
2222,2467,▁उम,381,0.00006864,0
2223,2430,▁जिन्होंने,381,0.00006864,0
2224,2574,▁दिला,381,0.00006864,0
2225,2329,▁बढ़ाने,381,0.00006864,0
2226,2271,▁लै,381,0.00006864,0
2227,2568,िकल,381,0.00006864,0
2228,2833,▁मरीजों,381,0.00006864,0
2229,2744,W,380,0.00006846,0
2230,2458,▁वर्षीय,379,0.00006828,0
2231,3022,र्प,379,0.00006828,0
2232,2632,▁बढ़ने,378,0.00006810,0
2233,2328,▁निर्धारित,378,0.00006810,0
2234,2175,▁‘,378,0.00006810,0
2235,2529,▁कल्याण,378,0.00006810,0
2236,2483,▁करेगी,378,0.00006810,0
2237,2439,▁लेखक,377,0.00006792,0
2238,2587,▁उचित,377,0.00006792,0
2239,2417,घर,376,0.00006774,0
2240,2368,▁सप्ताह,376,0.00006774,0
2241,2593,▁घरेलू,376,0.00006774,0
2242,2645,▁आसान,376,0.00006774,0
2243,2215,जीत,376,0.00006774,0
2244,3005,▁हिस्से,375,0.00006756,0
2245,2779,मंडल,375,0.00006756,0
2246,2552,क्का,375,0.00006756,0
2247,2403,▁किलोमीटर,375,0.00006756,0
2248,2445,▁[,374,0.00006738,0
2249,2249,▁कारोबार,373,0.00006720,0
2250,2520,ाचार्य,373,0.00006720,0
2251,2345,वृत्ति,373,0.00006720,0
2252,2269,▁दू,373,0.00006720,0
2253,2427,वेश,373,0.00006720,0
2254,2515,▁संक्रमण,373,0.00006720,0
2255,2621,्टी,372,0.00006702,0
2256,2480,▁फैंस,371,0.00006684,0
2257,2410,श्त,371,0.00006684,0
2258,2387,▁सवार,371,0.00006684,0
2259,2536,▁महसूस,371,0.00006684,0
2260,2583,▁जिलों,370,0.00006666,0
2261,2555,▁मंडल,370,0.00006666,0
2262,2718,र्ब,370,0.00006666,0
2263,2357,ऊँ,370,0.00006666,0
2264,2349,▁उपस्थित,370,0.00006666,0
2265,2547,▁गैस,369,0.00006648,0
2266,2466,▁कार्यों,369,0.00006648,0
2267,2712,▁निष्,369,0.00006648,0
2268,2925,ङ्ग,369,0.00006648,0
2269,2491,▁रखी,368,0.00006630,0
2270,2401,▁वेबसाइट,368,0.00006630,0
2271,2870,▁पाठ,368,0.00006630,0
2272,2422,▁नवंबर,368,0.00006630,0
2273,2270,▁सारे,368,0.00006630,0
2274,2311,▁वैसे,368,0.00006630,0
2275,2608,▁चालक,367,0.00006612,0
2276,2494,▁मिश्र,367,0.00006612,0
2277,2591,▁ट्वीट,367,0.00006612,0
2278,2638,▁संकट,366,0.00006594,0
2279,2535,थि,366,0.00006594,0
2280,2463,पत्र,366,0.00006594,0
2281,2169,▁समुद्र,366,0.00006594,0
2282,2377,▁वेद,366,0.00006594,0
2283,2709,▁सुनवाई,365,0.00006576,0
2284,2652,लाई,365,0.00006576,0
2285,2443,▁सच,365,0.00006576,0
2286,2450,▁पुराने,365,0.00006576,0
2287,2506,▁पूछा,365,0.00006576,0
2288,2453,▁जिन्हें,364,0.00006558,0
2289,2602,▁उतार,364,0.00006558,0
2290,2293,▁फूल,364,0.00006558,0
2291,2312,et,363,0.00006540,0
2292,2836,ैक्ट,363,0.00006540,0
2293,2409,▁नोट,363,0.00006540,0
2294,2599,▁लाइफ,362,0.00006522,0
2295,2654,▁बीते,362,0.00006522,0
2296,2626,▁मृतक,361,0.00006504,0
2297,2539,▁पूछताछ,361,0.00006504,0
2298,2411,▁कर्मचारी,361,0.00006504,0
2299,2597,▁अहमद,361,0.00006504,0
2300,2504,▁जरूर,361,0.00006504,0
2301,2651,▁सीधे,361,0.00006504,0
2302,2917,परि,361,0.00006504,0
2303,2532,▁हमारा,361,0.00006504,0
2304,2558,▁चली,361,0.00006504,0
2305,2926,ut,361,0.00006504,0
2306,2576,▁बैठे,361,0.00006504,0
2307,2511,▁वर्णन,361,0.00006504,0
2308,2321,▁आधुनिक,360,0.00006486,0
2309,2462,▁संघर्ष,360,0.00006486,0
2310,2490,▁उपचार,360,0.00006486,0
2311,2972,ation,359,0.00006468,0
2312,2588,▁सोने,359,0.00006468,0
2313,2620,ानु,359,0.00006468,0
2314,2460,▁/,359,0.00006468,0
2315,2449,▁हरियाणा,358,0.00006449,0
2316,2455,▁दर्द,358,0.00006449,0
2317,2348,न्ध,358,0.00006449,0
2318,2685,▁रुक,357,0.00006431,0
2319,2686,▁तनाव,357,0.00006431,0
2320,2548,▁मिलते,357,0.00006431,0
2321,2426,▁मिलती,357,0.00006431,0
2322,2240,▁परिवर्तन,357,0.00006431,0
2323,2594,▁कमजोर,356,0.00006413,0
2324,2730,la,356,0.00006413,0
2325,2521,▁बनाकर,356,0.00006413,0
2326,2633,▁श्रेणी,356,0.00006413,0
2327,2763,ऑ,356,0.00006413,0
2328,2988,ष्ण,356,0.00006413,0
2329,2477,ॅ,356,0.00006413,0
2330,2322,▁अनुमान,355,0.00006395,0
2331,3160,ट्ठ,355,0.00006395,0
2332,2692,▁संग्रह,355,0.00006395,0
2333,2699,▁लोकप्रिय,354,0.00006377,0
2334,2296,▁करियर,354,0.00006377,0
2335,2440,▁मेडिकल,354,0.00006377,0
2336,3512,▁दुर्,354,0.00006377,0
2337,2902,ul,353,0.00006359,0
2338,2806,▁मुलाकात,352,0.00006341,0
2339,2533,▁विकल्प,352,0.00006341,0
2340,2648,▁गरीब,352,0.00006341,0
2341,3277,▁In,351,0.00006323,0
2342,2732,han,351,0.00006323,0
2343,3020,पिता,351,0.00006323,0
2344,2840,▁चक्र,351,0.00006323,0
2345,2493,▁पेट,351,0.00006323,0
2346,2738,▁योगदान,350,0.00006305,0
2347,2464,▁तत्व,350,0.00006305,0
2348,2556,▁सामान,350,0.00006305,0
2349,2385,▁वायु,350,0.00006305,0
2350,2939,▁कक्षा,350,0.00006305,0
2351,2844,▁छु,350,0.00006305,0
2352,2432,▁ग्रामीणों,350,0.00006305,0
2353,2869,पूर्व,350,0.00006305,0
2354,2618,▁स्टोर,349,0.00006287,0
2355,2372,▁धीरे,349,0.00006287,0
2356,2503,▁पंच,349,0.00006287,0
2357,2542,▁जवान,349,0.00006287,0
2358,2672,▁अवैध,348,0.00006269,0
2359,2629,▁दशक,348,0.00006269,0
2360,2530,शाली,348,0.00006269,0
2361,2582,▁प्रकृति,348,0.00006269,0
2362,2478,▁खूब,347,0.00006251,0
2363,2561,▁अभिनेता,347,0.00006251,0
2364,2729,▁कमरे,347,0.00006251,0
2365,2479,▁मॉ,347,0.00006251,0
2366,2782,कालीन,347,0.00006251,0
2367,2327,▁टीवी,346,0.00006233,0
2368,2334,▁पट,346,0.00006233,0
2369,2813,कृति,346,0.00006233,0
2370,2747,▁सलमान,346,0.00006233,0
2371,2691,har,345,0.00006215,0
2372,2341,सिंह,345,0.00006215,0
2373,2617,▁अंतरराष्ट्रीय,345,0.00006215,0
2374,2549,▁ग्रे,345,0.00006215,0
2375,2818,नेवाले,345,0.00006215,0
2376,2457,▁सदस्यों,345,0.00006215,0
2377,2661,▁दान,345,0.00006215,0
2378,2589,▁ग्रहण,344,0.00006197,0
2379,2822,▁बहा,343,0.00006179,0
2380,2522,▁सार्वजनिक,343,0.00006179,0
2381,2441,▁स्वरूप,343,0.00006179,0
2382,2733,▁दूरी,343,0.00006179,0
2383,2653,▁नियंत्रण,342,0.00006161,0
2384,2637,▁जिसने,342,0.00006161,0
2385,2580,इयों,342,0.00006161,0
2386,2911,▁जमकर,342,0.00006161,0
2387,2526,▁O,341,0.00006143,0
2388,2776,▁व्यापक,341,0.00006143,0
2389,2866,▁बढ़ती,341,0.00006143,0
2390,3286,॰,341,0.00006143,0
2391,2384,▁ऊर्जा,340,0.00006125,0
2392,2804,बै,340,0.00006125,0
2393,2382,ce,340,0.00006125,0
2394,2584,▁मजदूर,340,0.00006125,0
2395,2656,▁पड़ी,340,0.00006125,0
2396,2590,▁गाँव,340,0.00006125,0
2397,2342,▁नौकरी,340,0.00006125,0
2398,2274,▁प्रकाशित,340,0.00006125,0
2399,2545,▁समझा,339,0.00006107,0
2400,2405,▁समारोह,339,0.00006107,0
2401,2703,नारायण,339,0.00006107,0
2402,2823,शाह,339,0.00006107,0
2403,2814,▁ऐतिहासिक,339,0.00006107,0
2404,2640,▁क्रिया,339,0.00006107,0
2405,2562,▁अर्थात्,339,0.00006107,0
2406,2701,▁पुल,338,0.00006089,0
2407,2581,▁तीनों,338,0.00006089,0
2408,2766,▁बीमार,338,0.00006089,0
2409,2527,▁पहाड़,337,0.00006071,0
2410,2680,▁ईश्वर,337,0.00006071,0
2411,2817,▁पढ़ाई,337,0.00006071,0
2412,2646,▁मित्र,337,0.00006071,0
2413,2421,▁संस्कृति,337,0.00006071,0
2414,2892,▁ढा,336,0.00006053,0
2415,2687,▁हित,336,0.00006053,0
2416,3253,वृत्त,336,0.00006053,0
2417,2610,▁शुद्ध,335,0.00006035,0
2418,2705,▁मकान,335,0.00006035,0
2419,2291,▁आत्मा,335,0.00006035,0
2420,2944,▁उड़,335,0.00006035,0
2421,2707,▁भूल,335,0.00006035,0
2422,2354,▁₹,334,0.00006017,0
2423,2725,▁बेस,334,0.00006017,0
2424,2838,स्कर,334,0.00006017,0
2425,2424,इन,334,0.00006017,0
2426,2982,▁१०,334,0.00006017,0
2427,2502,▁डिजिटल,333,0.00005999,0
2428,2746,▁इंटर,333,0.00005999,0
2429,2682,▁स्त्री,333,0.00005999,0
2430,2510,▁आवास,333,0.00005999,0
2431,2641,▁पार्क,332,0.00005981,0
2432,2715,▁आंख,332,0.00005981,0
2433,2695,▁इलाकों,332,0.00005981,0
2434,2514,▁हल,332,0.00005981,0
2435,2431,▁चयन,332,0.00005981,0
2436,2598,▁जुड़ी,331,0.00005963,0
2437,2525,वाली,331,0.00005963,0
2438,1752,▁क्लिक,331,0.00005963,0
2439,2362,▁एशिया,331,0.00005963,0
2440,2881,▁सीजन,331,0.00005963,0
2441,2768,▁चलता,330,0.00005945,0
2442,2601,ग़,330,0.00005945,0
2443,2572,▁विदेशी,329,0.00005927,0
2444,2630,▁समाधान,329,0.00005927,0
2445,2596,▁शीर्ष,329,0.00005927,0
2446,2452,▁स्वामी,329,0.00005927,0
2447,2745,▁पुष्टि,328,0.00005909,0
2448,2518,▁न्यायालय,328,0.00005909,0
2449,2484,▁वित्त,328,0.00005909,0
2450,2386,▁कंपनियों,328,0.00005909,0
2451,3018,▁मरीज,327,0.00005891,0
2452,2567,▁एक्ट्रेस,327,0.00005891,0
2453,2428,▁हमले,327,0.00005891,0
2454,2824,▁टू,327,0.00005891,0
2455,2566,▁संजय,327,0.00005891,0
2456,2474,▁हेतु,327,0.00005891,0
2457,2475,▁प्रणाली,327,0.00005891,0
2458,2228,▁एयर,326,0.00005873,0
2459,3007,क्ख,325,0.00005855,0
2460,2642,▁सुंदर,325,0.00005855,0
2461,2921,▁आईपीएल,325,0.00005855,0
2462,2770,▁वास्तव,324,0.00005837,0
2463,2543,फॉर्म,324,0.00005837,0
2464,2663,▁गाड़ी,324,0.00005837,0
2465,2748,▁आकर,324,0.00005837,0
2466,2435,ir,324,0.00005837,0
2467,2767,▁संसार,324,0.00005837,0
2468,2592,▁आउट,323,0.00005819,0
2469,2742,▁टिकट,323,0.00005819,0
2470,2486,▁मतलब,323,0.00005819,0
2471,2619,▁गैर,323,0.00005819,0
2472,2771,▁त्याग,323,0.00005819,0
2473,2731,▁लाने,322,0.00005801,0
2474,1868,्ड,322,0.00005801,0
2475,2794,▁परेशानी,322,0.00005801,0
2476,3152,▁मिशन,322,0.00005801,0
2477,2643,▁रवि,321,0.00005783,0
2478,2678,▁पाई,320,0.00005765,0
2479,3031,नायक,320,0.00005765,0
2480,2609,▁विपक्ष,320,0.00005765,0
2481,2936,▁आकार,320,0.00005765,0
2482,2929,▁क्रि,320,0.00005765,0
2483,2752,तू,320,0.00005765,0
2484,2792,▁असम,319,0.00005747,0
2485,3119,ay,319,0.00005747,0
2486,2737,▁बीमारी,319,0.00005747,0
2487,2882,▁पाप,319,0.00005747,0
2488,2509,▁मार्केट,318,0.00005729,0
2489,2830,▁शिकार,318,0.00005729,0
2490,2694,▁निश्चित,318,0.00005729,0
2491,2750,▁मिलेगी,318,0.00005729,0
2492,3637,ऐ,318,0.00005729,0
2493,2837,िस्तान,318,0.00005729,0
2494,2859,▁बढ़कर,317,0.00005711,0
2495,2690,▁रहेगी,317,0.00005711,0
2496,2898,▁चाह,317,0.00005711,0
2497,2668,▁पर्याप्त,317,0.00005711,0
2498,2697,pur,317,0.00005711,0
2499,2684,▁स्थानों,317,0.00005711,0
2500,2438,▁लु,316,0.00005693,0
2501,2531,▁जंगल,316,0.00005693,0
2502,3154,▁गोल्ड,316,0.00005693,0
2503,2758,▁ग्राहक,316,0.00005693,0
2504,2711,▁विशाल,316,0.00005693,0
2505,2713,▁रॉ,315,0.00005675,0
2506,2760,▁पश्चिमी,315,0.00005675,0
2507,3108,▁भक्ति,315,0.00005675,0
2508,2789,▁नील,315,0.00005675,0
2509,2932,▁हिन्दू,315,0.00005675,0
2510,3084,▁खाली,314,0.00005657,0
2511,2650,▁पैसा,314,0.00005657,0
2512,2785,▁चंद,314,0.00005657,0
2513,2880,▁रिश्ते,314,0.00005657,0
2514,2786,▁लक्षण,314,0.00005657,0
2515,2390,▁तर,314,0.00005657,0
2516,1978,ंगे,314,0.00005657,0
2517,2819,▁समर्थ,314,0.00005657,0
2518,3095,▁सम्मेलन,314,0.00005657,0
2519,2820,▁रोकने,314,0.00005657,0
2520,2485,द्वीप,314,0.00005657,0
2521,2724,▁मानना,313,0.00005639,0
2522,2773,▁लागत,313,0.00005639,0
2523,2853,▁मशीन,313,0.00005639,0
2524,2481,▁पशु,313,0.00005639,0
2525,3494,▁अन्तर,313,0.00005639,0
2526,2710,योजन,312,0.00005621,0
2527,2689,▁थोड़ा,312,0.00005621,0
2528,2952,▁अग्नि,312,0.00005621,0
2529,2754,▁घूम,312,0.00005621,0
2530,2433,▁परिसर,312,0.00005621,0
2531,2890,बाजी,312,0.00005621,0
2532,3169,▁औसत,312,0.00005621,0
2533,2726,▁पात्र,312,0.00005621,0
2534,2519,▁सहायक,311,0.00005603,0
2535,2807,▁संपत्ति,311,0.00005603,0
2536,2604,▁J,311,0.00005603,0
2537,2720,▁मुस्लिम,311,0.00005603,0
2538,3200,▁किताब,311,0.00005603,0
2539,2855,▁मतदान,311,0.00005603,0
2540,2805,▁आपने,310,0.00005585,0
2541,2704,▁कड़ी,310,0.00005585,0
2542,2800,त्मक,310,0.00005585,0
2543,2749,▁धारण,310,0.00005585,0
2544,2723,▁उपकरण,310,0.00005585,0
2545,2658,▁हिंदू,310,0.00005585,0
2546,2607,▁प्रबंधन,309,0.00005567,0
2547,2564,▁ठाकुर,309,0.00005567,0
2548,2885,▁वास्तविक,309,0.00005567,0
2549,2793,▁देंगे,309,0.00005567,0
2550,2508,▁ऑफिस,309,0.00005567,0
2551,2636,▁पेड़,309,0.00005567,0
2552,2930,▁टॉ,309,0.00005567,0
2553,2736,▁उल्लेख,308,0.00005549,0
2554,2901,▁मिश्रा,308,0.00005549,0
2555,2839,▁जगत,308,0.00005549,0
2556,3246,इंट,307,0.00005531,0
2557,2714,▁जिम्मेदारी,307,0.00005531,0
2558,2669,▁खेत,307,0.00005531,0
2559,2876,भोग,307,0.00005531,0
2560,2614,▁पेट्रोल,307,0.00005531,0
2561,2835,▁प्रतिक्रिया,307,0.00005531,0
2562,2851,▁चाहती,307,0.00005531,0
2563,2546,▁आनंद,307,0.00005531,0
2564,2868,▁रेट,307,0.00005531,0
2565,2906,▁सारा,307,0.00005531,0
2566,2873,▁मौजूदा,306,0.00005513,0
2567,2891,▁लॉन्च,306,0.00005513,0
2568,2717,▁इनकी,306,0.00005513,0
2569,3469,ाध्यक्ष,305,0.00005495,0
2570,2834,▁इंतजार,305,0.00005495,0
2571,2815,▁नियमों,304,0.00005477,0
2572,2874,▁खिलाड़ियों,304,0.00005477,0
2573,2941,▁समस्त,304,0.00005477,0
2574,2553,▁श्रा,304,0.00005477,0
2575,3462,एनए,304,0.00005477,0
2576,2631,▁महान,304,0.00005477,0
2577,2778,▁भिन्न,304,0.00005477,0
2578,2937,▁किनारे,303,0.00005459,0
2579,2809,▁कथित,303,0.00005459,0
2580,2875,▁हिंसा,303,0.00005459,0
2581,2721,▁सारी,303,0.00005459,0
2582,2498,▁कश्मीर,303,0.00005459,0
2583,2790,▁रक्त,303,0.00005459,0
2584,2727,▁इतने,302,0.00005441,0
2585,2397,▁बद,302,0.00005441,0
2586,2795,▁आखिरी,302,0.00005441,0
2587,2935,ख़,302,0.00005441,0
2588,3191,▁महामारी,301,0.00005423,0
2589,2927,▁लिस्ट,301,0.00005423,0
2590,2961,ेक्शन,301,0.00005423,0
2591,3155,▁निधन,301,0.00005423,0
2592,2828,▁वर्ल्ड,301,0.00005423,0
2593,2570,▁स्वतंत्रता,301,0.00005423,0
2594,2787,▁ठंड,301,0.00005423,0
2595,2949,▁यात्रियों,301,0.00005423,0
2596,2912,▁तहसील,301,0.00005423,0
2597,2647,बन्ध,301,0.00005423,0
2598,3187,▁एक्सप्रेस,300,0.00005405,0
2599,2774,▁पाने,300,0.00005405,0
2600,2759,कल्प,300,0.00005405,0
2601,3207,▁अर्जुन,300,0.00005405,0
2602,3078,▁सिटी,300,0.00005405,0
2603,2612,▁बाकी,299,0.00005387,0
2604,2858,▁नियमित,299,0.00005387,0
2605,2681,▁रास्ते,299,0.00005387,0
2606,3148,▁प्रोजेक्ट,299,0.00005387,0
2607,2796,▁शोध,299,0.00005387,0
2608,3442,▁टु,298,0.00005369,0
2609,3035,▁सीमित,298,0.00005369,0
2610,2679,▁समीक्षा,298,0.00005369,0
2611,2660,▁समुदाय,298,0.00005369,0
2612,2842,▁तट,298,0.00005369,0
2613,2969,▁आचार्य,298,0.00005369,0
2614,2846,▁नेशनल,297,0.00005351,0
2615,2788,▁लड़ाई,297,0.00005351,0
2616,2831,▁रहेंगे,297,0.00005351,0
2617,3056,▁लीग,296,0.00005333,0
2618,2635,▁झु,296,0.00005333,0
2619,3067,▁खुलासा,296,0.00005333,0
2620,2757,▁समस्याओं,296,0.00005333,0
2621,2769,▁गुजर,296,0.00005333,0
2622,2872,▁लगने,296,0.00005333,0
2623,2784,▁रहना,296,0.00005333,0
2624,2676,▁Re,296,0.00005333,0
2625,2551,▁गर्मी,296,0.00005333,0
2626,2897,▁पहुंचने,295,0.00005315,0
2627,2850,▁अतः,295,0.00005315,0
2628,3379,िणी,295,0.00005315,0
2629,2862,▁कार्यकर्ताओं,295,0.00005315,0
2630,2954,▁आसानी,295,0.00005315,0
2631,3125,▁बराबर,294,0.00005297,0
2632,2719,▁प्रशिक्षण,294,0.00005297,0
2633,2603,▁उद्,294,0.00005297,0
2634,2753,▁मात्र,293,0.00005278,0
2635,2886,▁सीख,293,0.00005278,0
2636,3501,भ्र,293,0.00005278,0
2637,2761,▁फैसले,292,0.00005260,0
2638,2920,▁Update,292,0.00005260,0
2639,2996,▁संदेश,292,0.00005260,0
2640,1997,▁ईरान,292,0.00005260,0
2641,2639,▁याचिका,291,0.00005242,0
2642,2624,▁दुख,291,0.00005242,0
2643,3019,▁दुर्ग,291,0.00005242,0
2644,2781,▁यथा,291,0.00005242,0
2645,3093,▁वैश्विक,290,0.00005224,0
2646,2706,▁व्यक्त,290,0.00005224,0
2647,2802,▁जल्दी,290,0.00005224,0
2648,2716,▁मालिक,290,0.00005224,0
2649,2777,दर्शन,290,0.00005224,0
2650,3091,▁ग्रन्थ,290,0.00005224,0
2651,2751,▁खड़ा,289,0.00005206,0
2652,3333,सूर,289,0.00005206,0
2653,2871,▁अधिकांश,289,0.00005206,0
2654,2461,▁सिस्टम,289,0.00005206,0
2655,2918,▁चेहरे,289,0.00005206,0
2656,3058,▁खाते,289,0.00005206,0
2657,2649,▁गुप्ता,288,0.00005188,0
2658,2625,▁सुप्रीम,288,0.00005188,0
2659,3106,▁निरीक्षण,288,0.00005188,0
2660,2482,▁गोल,288,0.00005188,0
2661,2895,▁माहौल,287,0.00005170,0
2662,2981,▁तत्काल,287,0.00005170,0
2663,3433,J,287,0.00005170,0
2664,3076,ab,287,0.00005170,0
2665,3401,▁सूख,287,0.00005170,0
2666,3229,▁स्वच्छ,287,0.00005170,0
2667,2888,▁एजेंसी,287,0.00005170,0
2668,2700,▁पर्वत,287,0.00005170,0
2669,2666,▁एव,286,0.00005152,0
2670,3048,र्पण,286,0.00005152,0
2671,2507,▁मान्यता,286,0.00005152,0
2672,2893,▁बजाय,286,0.00005152,0
2673,3101,राष्ट्र,286,0.00005152,0
2674,2451,▁महाराज,286,0.00005152,0
2675,2940,▁सख्त,286,0.00005152,0
2676,2803,▁आये,285,0.00005134,0
2677,2797,▁सेंटर,285,0.00005134,0
2678,3028,▁चेक,285,0.00005134,0
2679,2565,▁टैक्स,285,0.00005134,0
2680,3042,▁प्रकट,285,0.00005134,0
2681,2808,▁युवाओं,284,0.00005116,0
2682,2990,▁प्रतिभा,284,0.00005116,0
2683,2865,▁कितना,284,0.00005116,0
2684,2537,िनी,284,0.00005116,0
2685,2849,एसए,284,0.00005116,0
2686,3176,▁फेंक,283,0.00005098,0
2687,3192,्हे,283,0.00005098,0
2688,2998,▁कहने,283,0.00005098,0
2689,3240,▁इंडस्ट्री,283,0.00005098,0
2690,2174,▁फ़िल्म,283,0.00005098,0
2691,2928,▁मूर्ति,282,0.00005080,0
2692,2579,▁हादसे,282,0.00005080,0
2693,2826,▁खंड,282,0.00005080,0
2694,2214,▁सिं,282,0.00005080,0
2695,2964,▁हिमाचल,282,0.00005080,0
2696,2798,▁छूट,282,0.00005080,0
2697,3230,▁कार्यकर्ता,282,0.00005080,0
2698,2764,▁कराई,282,0.00005080,0
2699,3822,▁चतुर,282,0.00005080,0
2700,3188,▁वैक्सीन,282,0.00005080,0
2701,3009,▁शुक्ल,281,0.00005062,0
2702,3121,▁विष्णु,281,0.00005062,0
2703,3089,▁कर्नाटक,281,0.00005062,0
2704,2829,▁जम्मू,280,0.00005044,0
2705,3147,धर्म,280,0.00005044,0
2706,2722,दृश्य,280,0.00005044,0
2707,2970,▁कोहली,280,0.00005044,0
2708,3050,▁चुनौती,279,0.00005026,0
2709,2741,▁हथियार,279,0.00005026,0
2710,2765,▁समाचार,279,0.00005026,0
2711,3138,▁नष्ट,279,0.00005026,0
2712,3161,▁वनडे,278,0.00005008,0
2713,3767,▁लिंक,278,0.00005008,0
2714,3064,▁घेर,278,0.00005008,0
2715,2513,▁सुनिश्चित,278,0.00005008,0
2716,2852,▁छोड़कर,278,0.00005008,0
2717,2832,▁संस्कृत,278,0.00005008,0
2718,2968,▁जिंदगी,277,0.00004990,0
2719,2914,▁फाइनल,277,0.00004990,0
2720,2799,भाषा,277,0.00004990,0
2721,3049,▁गहरा,276,0.00004972,0
2722,2683,▁क्वा,276,0.00004972,0
2723,2534,▁दूध,276,0.00004972,0
2724,3060,▁छत्तीसगढ़,276,0.00004972,0
2725,2780,▁बाबा,276,0.00004972,0
2726,2910,मिन,275,0.00004954,0
2727,2915,▁मानते,275,0.00004954,0
2728,3062,▁रोजगार,275,0.00004954,0
2729,3024,▁गुणवत्ता,275,0.00004954,0
2730,3281,▁दीवार,275,0.00004954,0
2731,2905,▁सैन्य,275,0.00004954,0
2732,2775,▁टै,275,0.00004954,0
2733,3051,▁पत्थर,275,0.00004954,0
2734,3194,▁ड्राइव,275,0.00004954,0
2735,2945,▁यूक्रेन,275,0.00004954,0
2736,2825,▁रखे,274,0.00004936,0
2737,3104,▁लगाकर,274,0.00004936,0
2738,3111,वर्ती,274,0.00004936,0
2739,2966,▁हवाई,274,0.00004936,0
2740,3458,tion,274,0.00004936,0
2741,2863,▁उसको,274,0.00004936,0
2742,3068,▁आशा,273,0.00004918,0
2743,3065,▁फैला,273,0.00004918,0
2744,2896,▁उत्साह,273,0.00004918,0
2745,3027,▁फंस,273,0.00004918,0
2746,2606,▁तैनात,272,0.00004900,0
2747,2816,▁रेखा,272,0.00004900,0
2748,3153,▁आराम,272,0.00004900,0
2749,3334,पीएस,272,0.00004900,0
2750,2922,▁आपूर्ति,271,0.00004882,0
2751,3293,▁शांत,271,0.00004882,0
2752,2841,▁मानसिक,271,0.00004882,0
2753,2903,▁जिनके,271,0.00004882,0
2754,3053,▁पुनर्,271,0.00004882,0
2755,3428,▁माइ,270,0.00004864,0
2756,2956,▁मोहम्मद,270,0.00004864,0
2757,2791,लाइन,269,0.00004846,0
2758,3140,▁नाराज,269,0.00004846,0
2759,2975,▁ट्रांस,269,0.00004846,0
2760,3130,▁साहब,269,0.00004846,0
2761,2967,▁१८,269,0.00004846,0
2762,3248,▁वेतन,268,0.00004828,0
2763,3066,▁व्यवसाय,268,0.00004828,0
2764,3250,“,268,0.00004828,0
2765,3336,ोत्तर,268,0.00004828,0
2766,3127,धू,268,0.00004828,0
2767,3525,गुण,268,0.00004828,0
2768,2889,▁सागर,267,0.00004810,0
2769,2960,▁हाउस,267,0.00004810,0
2770,3072,बुद्ध,267,0.00004810,0
2771,2985,▁रोहित,267,0.00004810,0
2772,2735,▁कलाकार,267,0.00004810,0
2773,3289,▁निवास,266,0.00004792,0
2774,2909,▁न्यूज,265,0.00004774,0
2775,2950,▁अपेक्षा,265,0.00004774,0
2776,2854,▁शब्दों,265,0.00004774,0
2777,3039,▁खुशी,265,0.00004774,0
2778,3073,घात,265,0.00004774,0
2779,3331,▁भगवान्,265,0.00004774,0
2780,2951,▁तमाम,264,0.00004756,0
2781,3349,▁अर्थव्यवस्था,264,0.00004756,0
2782,3118,क्की,264,0.00004756,0
2783,2904,▁पटना,264,0.00004756,0
2784,3213,▁ट्रक,264,0.00004756,0
2785,2959,▁झारखंड,264,0.00004756,0
2786,3166,▁एक्ट,264,0.00004756,0
2787,2973,▁वित्तीय,263,0.00004738,0
2788,3916,▁रिजल्ट,263,0.00004738,0
2789,3259,▁दुष्,263,0.00004738,0
2790,3242,▁धमकी,263,0.00004738,0
2791,3008,▁ब्रिटिश,263,0.00004738,0
2792,2899,▁ब्राह्मण,263,0.00004738,0
2793,3003,▁दिये,263,0.00004738,0
2794,3164,▁परिवहन,262,0.00004720,0
2795,3117,▁निकट,262,0.00004720,0
2796,3150,▁रणनीति,261,0.00004702,0
2797,3292,▁गर्भ,261,0.00004702,0
2798,3046,▁सम्मानित,261,0.00004702,0
2799,3045,▁परंपरा,261,0.00004702,0
2800,3026,▁ट्रैक,261,0.00004702,0
2801,2919,▁किशोर,261,0.00004702,0
2802,3135,▁आबादी,261,0.00004702,0
2803,3228,▁भट्ट,261,0.00004702,0
2804,2613,▁योगी,261,0.00004702,0
2805,2856,X,260,0.00004684,0
2806,3309,▁रच,260,0.00004684,0
2807,3006,▁संभाल,260,0.00004684,0
2808,2971,▁दौड़,260,0.00004684,0
2809,2887,▁वार्ड,260,0.00004684,0
2810,3252,▁संस्कार,260,0.00004684,0
2811,3362,ल्फ,260,0.00004684,0
2812,3057,story,260,0.00004684,0
2813,3345,”,260,0.00004684,0
2814,3052,▁उक्त,259,0.00004666,0
2815,2983,क्षेप,259,0.00004666,0
2816,2755,पूर्वक,258,0.00004648,0
2817,2879,▁अशोक,258,0.00004648,0
2818,2900,▁सिनेमा,258,0.00004648,0
2819,3037,▁दिखाया,258,0.00004648,0
2820,3239,▁बुरा,258,0.00004648,0
2821,3070,▁ठहर,258,0.00004648,0
2822,2962,▁विराट,258,0.00004648,0
2823,3243,▁मारपीट,257,0.00004630,0
2824,2955,ख्त,257,0.00004630,0
2825,3180,▁संबोधित,257,0.00004630,0
2826,3171,▁फंड,257,0.00004630,0
2827,3266,▁दिव्य,257,0.00004630,0
2828,3395,▁अभ्यास,257,0.00004630,0
2829,3226,▁हफ्ते,256,0.00004612,0
2830,2986,▁मंच,256,0.00004612,0
2831,2965,टेल,256,0.00004612,0
2832,3156,▁लगती,256,0.00004612,0
2833,3059,▁आतंकवाद,256,0.00004612,0
2834,3338,▁निशाना,256,0.00004612,0
2835,3554,भद्र,256,0.00004612,0
2836,2843,▁बुद्धि,256,0.00004612,0
2837,2821,▁अंतर्गत,255,0.00004594,0
2838,3124,▁बांग्लादेश,255,0.00004594,0
2839,3038,▁लंबी,255,0.00004594,0
2840,2963,▁छोटा,255,0.00004594,0
2841,3258,प्शन,255,0.00004594,0
2842,3157,▁बिल्कुल,255,0.00004594,0
2843,3071,▁आकाश,255,0.00004594,0
2844,2673,▁नाटक,255,0.00004594,0
2845,2544,▁इनका,254,0.00004576,0
2846,2931,▁पुरानी,254,0.00004576,0
2847,3113,▁चेतावनी,254,0.00004576,0
2848,3033,ter,254,0.00004576,0
2849,2977,▁प्रतिबंध,254,0.00004576,0
2850,3335,▁विद्यार्थियों,254,0.00004576,0
2851,2907,▁संदर्भ,254,0.00004576,0
2852,3254,▁इंजन,254,0.00004576,0
2853,2861,▁जाये,254,0.00004576,0
2854,3082,▁बचाने,253,0.00004558,0
2855,2847,▁प्लान,253,0.00004558,0
2856,3107,धीरे,253,0.00004558,0
2857,3175,▁देगा,253,0.00004558,0
2858,3203,▁लहर,253,0.00004558,0
2859,3115,▁pm,253,0.00004558,0
2860,3069,▁विशिष्ट,253,0.00004558,0
2861,2913,▁देवता,253,0.00004558,0
2862,3614,▁ऋण,253,0.00004558,0
2863,3273,मोह,252,0.00004540,0
2864,2924,▁फायदा,252,0.00004540,0
2865,3032,▁किरदार,252,0.00004540,0
2866,3233,▁आशंका,252,0.00004540,0
2867,2845,▁प्रेस,252,0.00004540,0
2868,3205,▁१६,252,0.00004540,0
2869,2974,▁तथ्य,251,0.00004522,0
2870,2953,▁खाद्य,251,0.00004522,0
2871,3146,▁निदेशक,251,0.00004522,0
2872,3370,▁तीर्थ,251,0.00004522,0
2873,2980,▁संचालन,250,0.00004504,0
2874,3268,▁सिद्धांत,250,0.00004504,0
2875,3114,▁अभिनेत्री,250,0.00004504,0
2876,3088,▁परीक्षण,250,0.00004504,0
2877,3399,▁चाय,250,0.00004504,0
2878,3396,▁इत्यादि,250,0.00004504,0
2879,2878,▁सूत्रों,249,0.00004486,0
2880,3279,▁अग्र,249,0.00004486,0
2881,3262,▁विद्वान,249,0.00004486,0
2882,2933,▁जापान,249,0.00004486,0
2883,3004,▁अंग्रेजी,249,0.00004486,0
2884,3143,▁सिख,248,0.00004468,0
2885,3215,▁बढ़ावा,248,0.00004468,0
2886,2662,्टर,248,0.00004468,0
2887,3216,um,247,0.00004450,0
2888,3409,▁लाया,247,0.00004450,0
2889,3162,▁जयपुर,247,0.00004450,0
2890,3431,▁हैदराबाद,247,0.00004450,0
2891,3011,▁स्टाइल,247,0.00004450,0
2892,2670,▁मधु,247,0.00004450,0
2893,2916,▁खतरा,247,0.00004450,0
2894,3255,▁उत्तराखंड,247,0.00004450,0
2895,3141,भेद,247,0.00004450,0
2896,3439,▁संक्रमित,247,0.00004450,0
2897,3080,▁तिवारी,246,0.00004432,0
2898,3063,▁दर्शकों,246,0.00004432,0
2899,2948,om,246,0.00004432,0
2900,3630,त्थ,246,0.00004432,0
2901,3103,▁निर्भर,245,0.00004414,0
2902,3257,▁जुड़ा,245,0.00004414,0
2903,3014,▁कपड़े,245,0.00004414,0
2904,3225,▁पाँच,245,0.00004414,0
2905,2946,▁अवस्था,245,0.00004414,0
2906,3674,▁मोटर,245,0.00004414,0
2907,3610,एमए,245,0.00004414,0
2908,2993,▁जर्मन,245,0.00004414,0
2909,3329,▁खींच,244,0.00004396,0
2910,3261,▁पाठक,244,0.00004396,0
2911,3034,ak,244,0.00004396,0
2912,3251,▁अंदाज,244,0.00004396,0
2913,3015,▁कितने,244,0.00004396,0
2914,3010,▁व्यक्तिगत,244,0.00004396,0
2915,3170,type,244,0.00004396,0
2916,3136,▁शताब्दी,244,0.00004396,0
2917,3087,▁थोड़ी,243,0.00004378,0
2918,2923,▁वाहनों,243,0.00004378,0
2919,3460,▁स्टेडियम,243,0.00004378,0
2920,3030,▁साझा,243,0.00004378,0
2921,3419,▁भोपाल,243,0.00004378,0
2922,3000,▁बाग,243,0.00004378,0
2923,3220,▁संरक्षण,243,0.00004378,0
2924,3633,▁सपना,243,0.00004378,0
2925,3181,publish,243,0.00004378,0
2926,3158,▁पवित्र,242,0.00004360,0
2927,3040,▁आर्य,241,0.00004342,0
2928,3496,शियल,241,0.00004342,0
2929,3173,▁द्वितीय,241,0.00004342,0
2930,3424,ا,241,0.00004342,0
2931,3021,▁टॉप,240,0.00004324,0
2932,2801,▁वर्मा,240,0.00004324,0
2933,3422,▁उपभोक्ता,240,0.00004324,0
2934,3172,status,240,0.00004324,0
2935,3360,▁चौहान,240,0.00004324,0
2936,3495,▁मृत,239,0.00004306,0
2937,3041,▁रानी,239,0.00004306,0
2938,3214,▁वजन,239,0.00004306,0
2939,3263,▁ढंग,239,0.00004306,0
2940,3145,कुमार,238,0.00004288,0
2941,3096,▁लूट,238,0.00004288,0
2942,3116,▁भले,238,0.00004288,0
2943,3356,▁आगामी,238,0.00004288,0
2944,3159,▁उठाया,238,0.00004288,0
2945,2979,▁उदय,238,0.00004288,0
2946,3224,▁पड़ेगा,238,0.00004288,0
2947,3133,▁दस्तावेज,238,0.00004288,0
2948,3294,▁सांस्कृतिक,238,0.00004288,0
2949,2989,कृष्ण,238,0.00004288,0
2950,2947,▁सफाई,238,0.00004288,0
2951,3017,▁नवीन,238,0.00004288,0
2952,2994,▁ट्विटर,238,0.00004288,0
2953,3826,▁परम्परा,238,0.00004288,0
2954,3400,▁ब्लॉक,237,0.00004270,0
2955,3036,▁दायर,236,0.00004252,0
2956,2943,▁ग्रुप,236,0.00004252,0
2957,3237,▁विवरण,236,0.00004252,0
2958,3288,▁मेहनत,236,0.00004252,0
2959,3151,▁नियुक्त,236,0.00004252,0
2960,3301,▁मंगल,236,0.00004252,0
2961,2997,▁बोले,236,0.00004252,0
2962,3391,ल्ले,236,0.00004252,0
2963,3174,▁तिथि,236,0.00004252,0
2964,2992,▁स्वागत,236,0.00004252,0
2965,3211,▁बांध,236,0.00004252,0
2966,2987,–,235,0.00004234,0
2967,3244,▁हालात,235,0.00004234,0
2968,3597,▁बिगड़,235,0.00004234,0
2969,3232,▁जड़,235,0.00004234,0
2970,3110,▁निकाला,235,0.00004234,0
2971,3047,▁मुद्दे,235,0.00004234,0
2972,3167,▁विरुद्ध,235,0.00004234,0
2973,3120,▁अफ्रीका,235,0.00004234,0
2974,3343,▁विविध,235,0.00004234,0
2975,3272,▁सक्षम,234,0.00004216,0
2976,3013,▁लुक,234,0.00004216,0
2977,3583,▁मुंह,234,0.00004216,0
2978,3245,▁प्रभु,234,0.00004216,0
2979,954,▁सन्दर्भ,234,0.00004216,0
2980,3287,▁अनिवार्य,233,0.00004198,0
2981,3238,▁प्रताप,233,0.00004198,0
2982,3109,▁उर्फ,233,0.00004198,0
2983,3206,▁ज्यादातर,233,0.00004198,0
2984,3508,क्षेत्र,233,0.00004198,0
2985,3241,▁कोलकाता,233,0.00004198,0
2986,3186,▁ऋषि,233,0.00004198,0
2987,3099,▁स्थिर,233,0.00004198,0
2988,3132,▁बौद्ध,233,0.00004198,0
2989,3314,▁अकाउंट,233,0.00004198,0
2990,2762,▁२०,233,0.00004198,0
2991,3456,▁दिलचस्प,232,0.00004180,0
2992,3097,▁लगाई,232,0.00004180,0
2993,2938,▁प्राकृतिक,232,0.00004180,0
2994,3397,▁गौरव,232,0.00004180,0
2995,3316,▁हिस्सों,232,0.00004180,0
2996,3189,▁जताई,232,0.00004180,0
2997,3354,▁अंध,232,0.00004180,0
2998,3477,▁गौतम,232,0.00004180,0
2999,3350,▁मुकाबला,232,0.00004180,0
3000,3083,▁विद्युत,232,0.00004180,0
3001,3247,▁स्टे,232,0.00004180,0
3002,3417,डब्ल्यू,231,0.00004162,0
3003,3410,▁स्वस्थ,231,0.00004162,0
3004,3366,▁पंडित,231,0.00004162,0
3005,3129,▁खेती,231,0.00004162,0
3006,3222,▁अनिल,231,0.00004162,0
3007,3639,▁सैनिकों,231,0.00004162,0
3008,3298,▁निगरानी,230,0.00004144,0
3009,3128,▁उधर,230,0.00004144,0
3010,3310,▁चमक,230,0.00004144,0
3011,3123,▁प्रतीक,230,0.00004144,0
3012,3418,ja,230,0.00004144,0
3013,3498,▁फायदे,230,0.00004144,0
3014,3165,▁कल्पना,230,0.00004144,0
3015,3346,चित्र,230,0.00004144,0
3016,3465,▁द्रव्य,230,0.00004144,0
3017,3218,▁फरार,229,0.00004126,0
3018,3358,▁जागरूक,229,0.00004126,0
3019,3412,▁भ्रम,229,0.00004126,0
3020,2958,▁पर्यावरण,229,0.00004126,0
3021,3467,▁बेहतरीन,229,0.00004126,0
3022,3210,▁खड़ी,228,0.00004107,0
3023,3404,गांव,228,0.00004107,0
3024,3365,▁विष,228,0.00004107,0
3025,3204,▁दाखिल,228,0.00004107,0
3026,3357,▁एक्टर,228,0.00004107,0
3027,3234,▁दीपक,228,0.00004107,0
3028,3183,▁दुर्घटना,228,0.00004107,0
3029,3297,city,228,0.00004107,0
3030,3315,▁अंतर्राष्ट्रीय,228,0.00004107,0
3031,3483,इंग,227,0.00004089,0
3032,3380,▁ताकत,227,0.00004089,0
3033,3355,▁बिग,227,0.00004089,0
3034,3398,▁राह,227,0.00004089,0
3035,2634,▁आर्,227,0.00004089,0
3036,2984,▁डिजाइन,227,0.00004089,0
3037,3448,▁जुड़,226,0.00004071,0
3038,3612,▁अधीक्षक,226,0.00004071,0
3039,3193,▁बिक्री,226,0.00004071,0
3040,3510,▁कोतवाली,226,0.00004071,0
3041,2976,▁पटेल,226,0.00004071,0
3042,3332,बीएस,226,0.00004071,0
3043,3584,▁श्याम,226,0.00004071,0
3044,3503,▁अफसर,225,0.00004053,0
3045,3307,▁दौरे,225,0.00004053,0
3046,3299,▁अवश्य,225,0.00004053,0
3047,3044,▁मिट्टी,225,0.00004053,0
3048,3830,▁स्मार्टफोन,225,0.00004053,0
3049,3319,City,225,0.00004053,0
3050,3284,▁जनरल,225,0.00004053,0
3051,3023,ऽ,225,0.00004053,0
3052,3209,▁हिसाब,224,0.00004035,0
3053,3280,▁यूजर्स,224,0.00004035,0
3054,3351,▁विस्तृत,224,0.00004035,0
3055,3303,भूषण,224,0.00004035,0
3056,3195,ुअल,224,0.00004035,0
3057,3542,▁प्रवक्ता,224,0.00004035,0
3058,3304,category,224,0.00004035,0
3059,3308,"""}}",224,0.00004035,0
3060,3392,▁website,224,0.00004035,0
3061,3322,▁स्रोत,223,0.00004017,0
3062,3384,▁भरोसा,223,0.00004017,0
3063,3098,▁अमृत,223,0.00004017,0
3064,3105,▁चढ़ा,223,0.00004017,0
3065,3426,▁विवेक,223,0.00004017,0
3066,3029,▁चैनल,223,0.00004017,0
3067,3198,▁मनाया,223,0.00004017,0
3068,3454,▁संचालित,223,0.00004017,0
3069,3184,▁इधर,223,0.00004017,0
3070,3100,▁मालूम,223,0.00004017,0
3071,3306,▁यूनिवर्सिटी,222,0.00003999,0
3072,3403,▁पावर,222,0.00003999,0
3073,3575,av,222,0.00003999,0
3074,3359,▁मजबूर,222,0.00003999,0
3075,3112,▁योजनाओं,222,0.00003999,0
3076,2884,▁चढ़,222,0.00003999,0
3077,3353,▁सुनकर,222,0.00003999,0
3078,3313,▁वकील,221,0.00003981,0
3079,3407,▁इंस्टाग्राम,221,0.00003981,0
3080,3568,▁प्रत्याशी,221,0.00003981,0
3081,3330,▁ऐलान,220,0.00003963,0
3082,2934,▁रूसी,220,0.00003963,0
3083,3553,▁रद्द,219,0.00003945,0
3084,3473,▁महीनों,219,0.00003945,0
3085,3139,▁गठन,219,0.00003945,0
3086,2957,▁तारीख,219,0.00003945,0
3087,3318,▁दुःख,219,0.00003945,0
3088,3054,+,218,0.00003927,0
3089,3025,▁कुं,218,0.00003927,0
3090,3227,▁मुख्यालय,218,0.00003927,0
3091,3590,▁टर्,217,0.00003909,0
3092,3323,▁लक्ष्मी,217,0.00003909,0
3093,2978,▁नेटवर्क,217,0.00003909,0
3094,2857,▁प्रतियोगिता,217,0.00003909,0
3095,3077,▁कितनी,217,0.00003909,0
3096,3621,▁तुलसी,217,0.00003909,0
3097,3389,▁परंतु,217,0.00003909,0
3098,3470,▁शूटिंग,217,0.00003909,0
3099,3452,▁बाढ़,216,0.00003891,0
3100,3055,▁अधिनियम,216,0.00003891,0
3101,3122,ss,216,0.00003891,0
3102,3457,▁प्रत्यक्ष,216,0.00003891,0
3103,3217,▁फ्रांस,216,0.00003891,0
3104,3328,▁मुद्रा,216,0.00003891,0
3105,2622,▁इस्लाम,216,0.00003891,0
3106,3079,▁सकें,215,0.00003873,0
3107,3271,▁प्रगति,215,0.00003873,0
3108,3149,▁निर्माता,215,0.00003873,0
3109,3212,▁दर्शा,214,0.00003855,0
3110,3371,▁खून,214,0.00003855,0
3111,3367,▁इंटरनेट,214,0.00003855,0
3112,3364,▁लगते,214,0.00003855,0
3113,3278,▁गतिविधियों,213,0.00003837,0
3114,2756,▁तार,213,0.00003837,0
3115,3757,▁औद्योगिक,213,0.00003837,0
3116,3375,▁व्यक्तियों,213,0.00003837,0
3117,3276,ग्राफ,213,0.00003837,0
3118,3411,▁दोबारा,213,0.00003837,0
3119,3430,▁प्रिय,213,0.00003837,0
3120,3528,▁Code,213,0.00003837,0
3121,3641,▁स्पेशल,212,0.00003819,0
3122,3311,▁सावधान,212,0.00003819,0
3123,3324,▁डेटा,212,0.00003819,0
3124,3348,▁कौशल,212,0.00003819,0
3125,3658,▁वार्ता,212,0.00003819,0
3126,3285,▁आलोचना,212,0.00003819,0
3127,3182,▁साधारण,212,0.00003819,0
3128,3387,▁व्याख्या,211,0.00003801,0
3129,3449,▁प्रार्थना,211,0.00003801,0
3130,2908,▁अजय,211,0.00003801,0
3131,3327,▁बचाव,211,0.00003801,0
3132,3317,▁महिलाएं,210,0.00003783,0
3133,3574,ent,210,0.00003783,0
3134,3596,▁लड़कियों,210,0.00003783,0
3135,3347,▁अक्षय,210,0.00003783,0
3136,3168,▁टूर्नामेंट,210,0.00003783,0
3137,3074,▁ग्रंथ,210,0.00003783,0
3138,3649,पोषण,209,0.00003765,0
3139,3524,▁क्लास,209,0.00003765,0
3140,3374,▁घटनाओं,209,0.00003765,0
3141,3509,▁रफ्तार,209,0.00003765,0
3142,3202,▁अधिकतम,209,0.00003765,0
3143,3706,▁एयरपोर्ट,209,0.00003765,0
3144,3563,▁follows,209,0.00003765,0
3145,3561,▁DNPA,209,0.00003765,0
3146,3559,▁Ethics,209,0.00003765,0
3147,3326,▁बढ़ोतरी,208,0.00003747,0
3148,3381,▁वितरण,208,0.00003747,0
3149,3201,▁कमेटी,208,0.00003747,0
3150,3490,▁पुनः,208,0.00003747,0
3151,3565,▁तुम्हें,208,0.00003747,0
3152,3382,▁कंट्रोल,208,0.00003747,0
3153,3369,▁पीठ,208,0.00003747,0
3154,3339,▁This,208,0.00003747,0
3155,3667,▁चैंपियन,207,0.00003729,0
3156,3137,▁आदर्श,207,0.00003729,0
3157,3805,▁सूक्ष्म,207,0.00003729,0
3158,3623,▁जॉन,207,0.00003729,0
3159,3530,▁May,206,0.00003711,0
3160,3795,दायक,206,0.00003711,0
3161,3423,▁बॉक्स,206,0.00003711,0
3162,3236,ya,206,0.00003711,0
3163,3654,▁अभिनय,206,0.00003711,0
3164,3413,▁हिरासत,205,0.00003693,0
3165,3300,▁स्कोर,205,0.00003693,0
3166,3388,▁चेन्नई,205,0.00003693,0
3167,3383,▁टक्कर,205,0.00003693,0
3168,3179,▁शेष,205,0.00003693,0
3169,3527,▁पेंशन,205,0.00003693,0
3170,3488,▁पर्यटन,205,0.00003693,0
3171,3085,भूमि,205,0.00003693,0
3172,3803,▁शेर,205,0.00003693,0
3173,3342,▁साम्राज्य,205,0.00003693,0
3174,3352,▁सुन्दर,205,0.00003693,0
3175,3869,▁स्नातक,204,0.00003675,0
3176,2995,ma,204,0.00003675,0
3177,3515,▁मुद्दों,204,0.00003675,0
3178,3386,▁स्टेट,204,0.00003675,0
3179,3378,▁मुकदमा,204,0.00003675,0
3180,3474,▁यात्री,204,0.00003675,0
3181,3619,▁प्लेटफॉर्म,204,0.00003675,0
3182,3608,▁तिमाही,204,0.00003675,0
3183,3476,▁युवती,204,0.00003675,0
3184,3710,▁दैनिक,203,0.00003657,0
3185,3264,▁जिम्मेदार,203,0.00003657,0
3186,3235,▁निशान,203,0.00003657,0
3187,3489,▁सफेद,203,0.00003657,0
3188,3453,काउंट,203,0.00003657,0
3189,3344,बंदी,202,0.00003639,0
3190,3361,ानुसार,202,0.00003639,0
3191,3282,▁गौरतलब,202,0.00003639,0
3192,3717,▁स्वर्ण,202,0.00003639,0
3193,3405,▁खुले,202,0.00003639,0
3194,3635,▁राइ,202,0.00003639,0
3195,3436,▁डूब,202,0.00003639,0
3196,3178,▁इंडियन,202,0.00003639,0
3197,3644,▁नृत्य,202,0.00003639,0
3198,3507,▁ममता,202,0.00003639,0
3199,3652,▁रहस्य,202,0.00003639,0
3200,3550,▁डांस,202,0.00003639,0
3201,3406,▁महत्त्व,202,0.00003639,0
3202,3320,▁मचा,201,0.00003621,0
3203,3438,▁अरुण,201,0.00003621,0
3204,3163,▁बदमाश,201,0.00003621,0
3205,3497,▁बिजनेस,200,0.00003603,0
3206,3260,▁एक्सपर्ट,200,0.00003603,0
3207,3572,▁परिचय,200,0.00003603,0
3208,3484,▁शुल्क,200,0.00003603,0
3209,3368,▁उड़ान,200,0.00003603,0
3210,3434,▁चार्ज,200,0.00003603,0
3211,3582,▁हैरान,200,0.00003603,0
3212,3468,▁उपस्थिति,200,0.00003603,0
3213,3526,▁निर्वाचन,199,0.00003585,0
3214,3522,▁हाईकोर्ट,199,0.00003585,0
3215,3196,▁मिस,199,0.00003585,0
3216,3081,ia,199,0.00003585,0
3217,3537,▁अनुसंधान,199,0.00003585,0
3218,3443,एसटी,198,0.00003567,0
3219,3587,▁वातावरण,198,0.00003567,0
3220,3887,▁नक्सल,198,0.00003567,0
3221,3269,▁त्वचा,198,0.00003567,0
3222,3325,ावली,198,0.00003567,0
3223,3562,▁शीघ्र,198,0.00003567,0
3224,3502,▁निर्मित,198,0.00003567,0
3225,3463,ूंगा,198,0.00003567,0
3226,3570,▁पढ़ें,197,0.00003549,0
3227,3560,▁कैंसर,197,0.00003549,0
3228,3296,मन्त्र,197,0.00003549,0
3229,3267,▁श्रृंखला,196,0.00003531,0
3230,3420,▁अपडेट,196,0.00003531,0
3231,3450,▁राजीव,196,0.00003531,0
3232,3223,▁नोटिस,196,0.00003531,0
3233,3516,▁प्रेरित,196,0.00003531,0
3234,3291,▁संस्करण,196,0.00003531,0
3235,3615,▁अज्ञात,196,0.00003531,0
3236,3556,ङ्,196,0.00003531,0
3237,2883,▁|,195,0.00003513,0
3238,3579,▁सर्वश्रेष्ठ,195,0.00003513,0
3239,3144,याँ,195,0.00003513,0
3240,3471,▁संरचना,195,0.00003513,0
3241,3256,▁जहाज,195,0.00003513,0
3242,3131,▁गाने,194,0.00003495,0
3243,3385,▁जितना,194,0.00003495,0
3244,3090,▁घुस,194,0.00003495,0
3245,3437,▁सकेंगे,194,0.00003495,0
3246,3408,▁राजकुमार,194,0.00003495,0
3247,3534,▁बेटा,194,0.00003495,0
3248,220,<0xD8>,194,0.00003495,1
3249,3185,na,193,0.00003477,0
3250,3466,▁गुप्त,193,0.00003477,0
3251,3290,▁केरल,193,0.00003477,0
3252,3636,▁सुझाव,192,0.00003459,0
3253,3733,▁आंकड़ों,192,0.00003459,0
3254,3719,▁अकेले,192,0.00003459,0
3255,3265,ct,192,0.00003459,0
3256,3444,▁मनोज,192,0.00003459,0
3257,3555,▁केजरीवाल,192,0.00003459,0
3258,3521,▁शिविर,192,0.00003459,0
3259,3394,▁प्रसन्न,192,0.00003459,0
3260,3666,▁रवाना,191,0.00003441,0
3261,3421,▁राजेश,191,0.00003441,0
3262,3529,▁स्क्रीन,191,0.00003441,0
3263,3485,▁तीसरी,191,0.00003441,0
3264,3199,▁रास्ता,191,0.00003441,0
3265,3728,▁फीचर,191,0.00003441,0
3266,3249,▁चोर,191,0.00003441,0
3267,3337,▁तस्वीरें,191,0.00003441,0
3268,3683,▁राकेश,191,0.00003441,0
3269,3631,▁मन्दिर,191,0.00003441,0
3270,3414,▁ट्रेड,190,0.00003423,0
3271,3459,▁सुनील,190,0.00003423,0
3272,3126,▁मुसलमान,190,0.00003423,0
3273,3341,▁शारीरिक,189,0.00003405,0
3274,3446,▁विपरीत,189,0.00003405,0
3275,3491,▁हनुमान,189,0.00003405,0
3276,3731,▁जबरदस्त,189,0.00003405,0
3277,3665,▁ब्लैक,189,0.00003405,0
3278,3688,▁संदिग्ध,189,0.00003405,0
3279,3221,▁अग्रवाल,189,0.00003405,0
3280,3801,▁खतरे,188,0.00003387,0
3281,3363,▁लंबा,188,0.00003387,0
3282,3427,एमसी,188,0.00003387,0
3283,3270,▁प्रबंध,188,0.00003387,0
3284,3663,▁जनपद,188,0.00003387,0
3285,3538,▁इंटरनेशनल,188,0.00003387,0
3286,3275,lo,188,0.00003387,0
3287,3606,▁इसलिये,188,0.00003387,0
3288,3751,▁विश्लेषण,187,0.00003369,0
3289,3599,—,187,0.00003369,0
3290,3274,मिट,187,0.00003369,0
3291,3092,▁खूबसूरत,187,0.00003369,0
3292,3569,▁डीएम,187,0.00003369,0
3293,3625,▁बच्चा,187,0.00003369,0
3294,3581,ोदय,187,0.00003369,0
3295,3723,▁अरविंद,187,0.00003369,0
3296,3720,▁अंग्रेज,187,0.00003369,0
3297,3799,▁अलर्ट,186,0.00003351,0
3298,3390,▁तुम्हारे,186,0.00003351,0
3299,3564,▁ऑपरेशन,186,0.00003351,0
3300,3102,▁इंजीनियर,186,0.00003351,0
3301,3012,▁सपा,186,0.00003351,0
3302,3402,▁विधान,186,0.00003351,0
3303,3766,▁निराश,185,0.00003333,0
3304,3700,vi,185,0.00003333,0
3305,3601,▁कन्या,185,0.00003333,0
3306,3680,▁हर्ष,185,0.00003333,0
3307,3707,▁हाइ,185,0.00003333,0
3308,3686,▁सूरज,185,0.00003333,0
3309,3598,▁साउथ,184,0.00003315,0
3310,3605,▁सकारात्मक,184,0.00003315,0
3311,3435,▁नीतीश,184,0.00003315,0
3312,3772,▁टकरा,184,0.00003315,0
3313,3372,▁गेम,184,0.00003315,0
3314,3481,▁तर्क,184,0.00003315,0
3315,3578,▁प्रेरणा,183,0.00003297,0
3316,3539,▁जायेगा,183,0.00003297,0
3317,3506,▁कानपुर,183,0.00003297,0
3318,3558,दूसरे,183,0.00003297,0
3319,3729,▁उल्लंघन,183,0.00003297,0
3320,3713,▁दूसरों,183,0.00003297,0
3321,3492,▁यद्यपि,183,0.00003297,0
3322,3774,▁अयोध्या,183,0.00003297,0
3323,3523,▁संकल्प,182,0.00003279,0
3324,3645,▁भाषण,182,0.00003279,0
3325,3573,▁अभिषेक,182,0.00003279,0
3326,3589,▁जनसंख्या,182,0.00003279,0
3327,3190,▁कमाई,182,0.00003279,0
3328,3567,▁अधीन,182,0.00003279,0
3329,3640,▁शत्रु,182,0.00003279,0
3330,3479,▁न्यूनतम,182,0.00003279,0
3331,3650,▁शख्स,182,0.00003279,0
3332,3885,ञ्च,182,0.00003279,0
3333,3613,▁कब्जे,181,0.00003261,0
3334,3283,▁यश,181,0.00003261,0
3335,3617,▁पेपर,181,0.00003261,0
3336,3600,▁भूख,181,0.00003261,0
3337,3517,ानंद,181,0.00003261,0
3338,3689,▁निश्चय,181,0.00003261,0
3339,3698,▁उन्होने,181,0.00003261,0
3340,3544,▁आइए,180,0.00003243,0
3341,3642,▁लीटर,180,0.00003243,0
3342,3519,▁ज्ञात,180,0.00003243,0
3343,3302,▁एंटी,180,0.00003243,0
3344,3541,▁संतोष,180,0.00003243,0
3345,3699,▁क्रांति,180,0.00003243,0
3346,3305,▁चिकित्सक,180,0.00003243,0
3347,3432,▁प्रियंका,180,0.00003243,0
3348,3602,ل,180,0.00003243,0
3349,3536,▁जोखिम,179,0.00003225,0
3350,3576,▁सफर,179,0.00003225,0
3351,3440,▁स्वभाव,179,0.00003225,0
3352,3861,▁बहादुर,179,0.00003225,0
3353,3883,▁हँस,179,0.00003225,0
3354,3714,▁उन्नत,179,0.00003225,0
3355,3672,▁वारदात,179,0.00003225,0
3356,3461,▁इंसान,179,0.00003225,0
3357,3669,▁अतिथि,179,0.00003225,0
3358,3219,▁झूठ,179,0.00003225,0
3359,3711,२००,179,0.00003225,0
3360,3829,▁चौथे,178,0.00003207,0
3361,3493,▁गेट,178,0.00003207,0
3362,3616,▁पुष्प,178,0.00003207,0
3363,3197,▁शाखा,178,0.00003207,0
3364,3532,▁ब्याज,178,0.00003207,0
3365,3604,▁अंश,177,0.00003189,0
3366,3551,▁निकाय,177,0.00003189,0
3367,3451,▁हंस,177,0.00003189,0
3368,3595,▁उद्घाटन,176,0.00003171,0
3369,3725,▁रुचि,176,0.00003171,0
3370,3373,est,176,0.00003171,0
3371,3208,▁ऑटो,176,0.00003171,0
3372,3480,▁स्वीकृत,176,0.00003171,0
3373,3736,▁नामांकन,176,0.00003171,0
3374,3592,▁किंतु,176,0.00003171,0
3375,3478,▁संसाधन,175,0.00003153,0
3376,3742,▁दिग्गज,175,0.00003153,0
3377,3675,▁उपाध्यक्ष,175,0.00003153,0
3378,3770,▁घंटों,175,0.00003153,0
3379,3704,प्रकाश,175,0.00003153,0
3380,3535,▁ड्रा,174,0.00003135,0
3381,3548,▁मशहूर,174,0.00003135,0
3382,3749,▁स्नान,174,0.00003135,0
3383,3447,▁पोस्टमार्टम,174,0.00003135,0
3384,3504,▁कुर्,174,0.00003135,0
3385,3841,▁धाम,174,0.00003135,0
3386,3824,▁अनुरोध,174,0.00003135,0
3387,3673,ment,174,0.00003135,0
3388,3913,▁कार्तिक,174,0.00003135,0
3389,3661,▁प्रारम्भ,174,0.00003135,0
3390,3505,▁स्टॉक,173,0.00003117,0
3391,3679,▁दृष्टिकोण,173,0.00003117,0
3392,3696,▁प्रखंड,173,0.00003117,0
3393,3746,▁पारंपरिक,173,0.00003117,0
3394,3646,▁पत्रिका,173,0.00003117,0
3395,3429,▁सर्विस,173,0.00003117,0
3396,3684,▁ज्योतिष,173,0.00003117,0
3397,3511,▁मतदाता,173,0.00003117,0
3398,3681,▁तीसरा,172,0.00003099,0
3399,3659,▁इमारत,172,0.00003099,0
3400,3377,▁क्लब,172,0.00003099,0
3401,3518,▁अखिलेश,172,0.00003099,0
3402,3781,▁खतरनाक,171,0.00003081,0
3403,3593,▁जिनकी,171,0.00003081,0
3404,3780,▁कार्यवाही,171,0.00003081,0
3405,3520,▁लिमिटेड,171,0.00003081,0
3406,3603,▁अंजाम,171,0.00003081,0
3407,3755,▁यज्ञ,171,0.00003081,0
3408,3718,▁पद्म,170,0.00003063,0
3409,3906,स्तरीय,170,0.00003063,0
3410,3705,▁धूप,170,0.00003063,0
3411,3376,▁शासक,170,0.00003063,0
3412,3722,▁तरीका,170,0.00003063,0
3413,3908,▁मोर्चा,170,0.00003063,0
3414,3557,▁१२,170,0.00003063,0
3415,3701,▁ओपन,169,0.00003045,0
3416,3709,▁नींद,169,0.00003045,0
3417,3785,▁बॉस,169,0.00003045,0
3418,3842,▁स्टूडेंट,169,0.00003045,0
3419,3838,▁तीव्र,169,0.00003045,0
3420,3142,वासियों,168,0.00003027,0
3421,3627,▁सदन,168,0.00003027,0
3422,3814,रक्षक,168,0.00003027,0
3423,3810,▁आश्चर्य,168,0.00003027,0
3424,3312,▁संविधान,168,0.00003027,0
3425,3321,▁बाबू,167,0.00003009,0
3426,3660,▁परिस्थितियों,167,0.00003009,0
3427,3671,▁दिक्कत,167,0.00003009,0
3428,3566,▁मनीष,167,0.00003009,0
3429,3670,▁१५,167,0.00003009,0
3430,3464,up,166,0.00002991,0
3431,3340,कॉम,166,0.00002991,0
3432,3585,▁भ्रष्टाचार,166,0.00002991,0
3433,3791,▁कामयाब,166,0.00002991,0
3434,3594,▁नमक,166,0.00002991,0
3435,3629,▁वाराणसी,166,0.00002991,0
3436,3800,▁समीप,166,0.00002991,0
3437,3750,▁प्रतिष्ठा,166,0.00002991,0
3438,3231,▁यूरोप,166,0.00002991,0
3439,3748,▁कब्जा,166,0.00002991,0
3440,3763,▁इंटरव्यू,165,0.00002973,0
3441,3687,▁लॉकडाउन,165,0.00002973,0
3442,3726,▁न्यायाधीश,165,0.00002973,0
3443,3577,▁संवाददाता,165,0.00002973,0
3444,3756,▁कमांड,165,0.00002973,0
3445,3628,▁प्रावधान,164,0.00002955,0
3446,3500,com,164,0.00002955,0
3447,3682,▁गैंग,164,0.00002955,0
3448,3923,Z,164,0.00002955,0
3449,3890,▁तत्त्व,164,0.00002955,0
3450,3741,▁हुये,164,0.00002955,0
3451,3607,▁फॉर,163,0.00002937,0
3452,3818,▁to,163,0.00002937,0
3453,3782,▁तत्कालीन,163,0.00002937,0
3454,3634,▁फर्जी,163,0.00002937,0
3455,3796,▁सर्वाधिक,163,0.00002937,0
3456,3895,▁कथन,163,0.00002937,0
3457,3773,▁निर्यात,163,0.00002937,0
3458,3920,$,163,0.00002937,0
3459,3545,▁बच्ची,163,0.00002937,0
3460,3415,▁ज़्यादा,162,0.00002918,0
3461,3472,▁नज़र,162,0.00002918,0
3462,3871,▁श्रेय,162,0.00002918,0
3463,3752,ow,162,0.00002918,0
3464,3783,▁डायरेक्टर,162,0.00002918,0
3465,3134,▁श्रीलंका,162,0.00002918,0
3466,3708,▁रत्न,162,0.00002918,0
3467,3777,▁रिसर्च,161,0.00002900,0
3468,3677,▁निवेशकों,161,0.00002900,0
3469,3873,▁खारिज,161,0.00002900,0
3470,3724,▁सप्लाई,161,0.00002900,0
3471,3618,▁प्रदूषण,161,0.00002900,0
3472,3514,▁शहीद,161,0.00002900,0
3473,3586,▁फीस,161,0.00002900,0
3474,3685,▁विजेता,161,0.00002900,0
3475,3546,▁वृक्ष,161,0.00002900,0
3476,3823,▁जमानत,161,0.00002900,0
3477,3768,▁मास्टर,160,0.00002882,0
3478,3549,▁रैली,160,0.00002882,0
3479,3177,*,160,0.00002882,0
3480,3552,▁सिविल,160,0.00002882,0
3481,3702,▁उत्तम,160,0.00002882,0
3482,3739,▁प्राइवेट,160,0.00002882,0
3483,3817,▁सचिन,160,0.00002882,0
3484,3899,▁महासचिव,160,0.00002882,0
3485,3624,▁प्रांत,159,0.00002864,0
3486,3792,▁इंदौर,159,0.00002864,0
3487,3862,▁लटक,159,0.00002864,0
3488,3664,▁फेसबुक,159,0.00002864,0
3489,3648,▁चावल,159,0.00002864,0
3490,3295,▁स्वतंत्र,159,0.00002864,0
3491,3846,ट्रिक,159,0.00002864,0
3492,3840,▁जिक्र,159,0.00002864,0
3493,3860,▁फॉलो,158,0.00002846,0
3494,3445,▁शर्त,158,0.00002846,0
3495,3735,▁पर्यटक,158,0.00002846,0
3496,3779,▁शाहरुख,158,0.00002846,0
3497,3930,ن,158,0.00002846,0
3498,3487,▁स्मृति,157,0.00002828,0
3499,3771,▁एसोसिएशन,157,0.00002828,0
3500,3806,▁इसीलिए,157,0.00002828,0
3501,3482,▁फार्म,157,0.00002828,0
3502,3865,पूर्ति,157,0.00002828,0
3503,3832,▁हेल्थ,157,0.00002828,0
3504,3775,▁तारीफ,157,0.00002828,0
3505,3821,▁शेख,157,0.00002828,0
3506,3695,▁प्रयत्न,157,0.00002828,0
3507,3721,▁स्थायी,156,0.00002810,0
3508,3737,▁स्टाफ,156,0.00002810,0
3509,3716,▁Jul,156,0.00002810,0
3510,3905,▁जितनी,156,0.00002810,0
3511,3499,▁मिलियन,156,0.00002810,0
3512,3819,▁बच्चन,156,0.00002810,0
3513,3620,▁उल्लेखनीय,155,0.00002792,0
3514,3786,▁महंगाई,155,0.00002792,0
3515,3765,ver,155,0.00002792,0
3516,3712,▁ज्योति,155,0.00002792,0
3517,3753,▁धातु,155,0.00002792,0
3518,3900,▁एक्टिव,154,0.00002774,0
3519,3875,▁उन्हीं,154,0.00002774,0
3520,3816,▁दिमाग,154,0.00002774,0
3521,3789,▁एकमात्र,154,0.00002774,0
3522,3808,▁डीजल,154,0.00002774,0
3523,3764,▁प्रायः,154,0.00002774,0
3524,3591,▁शतक,153,0.00002756,0
3525,3794,▁सहमति,153,0.00002756,0
3526,3831,▁मानसून,153,0.00002756,0
3527,3754,▁छाया,153,0.00002756,0
3528,3892,▁त्योहार,153,0.00002756,0
3529,3863,▁प्रतिनिधित्व,153,0.00002756,0
3530,3715,▁इलेक्ट्रिक,152,0.00002738,0
3531,3886,▁समर्पित,152,0.00002738,0
3532,3668,▁बधाई,152,0.00002738,0
3533,3839,▁अत्यन्त,152,0.00002738,0
3534,3475,▁आमतौर,151,0.00002720,0
3535,3797,wa,151,0.00002720,0
3536,3513,▁अनुकूल,151,0.00002720,0
3537,3896,▁रांची,151,0.00002720,0
3538,3571,▁वसूल,150,0.00002702,0
3539,3676,▁मस्जिद,150,0.00002702,0
3540,3867,▁जिलाधिकारी,149,0.00002684,0
3541,3872,▁टैंक,149,0.00002684,0
3542,3643,▁तमिलनाडु,149,0.00002684,0
3543,3745,▁समाजवादी,149,0.00002684,0
3544,3747,▁आनन्द,149,0.00002684,0
3545,3662,▁कृपा,148,0.00002666,0
3546,3769,ive,148,0.00002666,0
3547,3874,▁आश्वासन,148,0.00002666,0
3548,3901,▁अब्दुल,148,0.00002666,0
3549,3690,▁इन्होंने,148,0.00002666,0
3550,3788,▁मेट्रो,147,0.00002648,0
3551,3441,▁ट्रंप,147,0.00002648,0
3552,3893,कश्मीर,147,0.00002648,0
3553,3626,▁सीबीआई,147,0.00002648,0
3554,3703,▁न्यूजीलैंड,147,0.00002648,0
3555,3727,|,147,0.00002648,0
3556,3870,▁जब्त,146,0.00002630,0
3557,3760,▁गतिविधि,146,0.00002630,0
3558,3787,▁बुजुर्ग,146,0.00002630,0
3559,3844,▁उतना,146,0.00002630,0
3560,3868,▁सैकड़ों,146,0.00002630,0
3561,3609,▁ब्रिटेन,146,0.00002630,0
3562,3622,▁भंडार,146,0.00002630,0
3563,3638,▁भौतिक,146,0.00002630,0
3564,3657,▁प्रतीत,146,0.00002630,0
3565,3738,▁पुराण,145,0.00002612,0
3566,3531,विध,145,0.00002612,0
3567,3730,▁पदाधिकारी,145,0.00002612,0
3568,3693,▁प्रारंभिक,145,0.00002612,0
3569,3804,▁पश्चात्,145,0.00002612,0
3570,3857,▁रॉयल,144,0.00002594,0
3571,3927,@,144,0.00002594,0
3572,3888,▁कटौती,144,0.00002594,0
3573,3813,▁शिखर,144,0.00002594,0
3574,3486,▁चरित्र,144,0.00002594,0
3575,3543,▁सिद्धान्त,144,0.00002594,0
3576,3836,▁अगली,143,0.00002576,0
3577,3540,▁गठबंधन,143,0.00002576,0
3578,3935,°,143,0.00002576,0
3579,3812,▁समझौते,142,0.00002558,0
3580,3854,▁नोएडा,142,0.00002558,0
3581,3588,▁नियुक्ति,142,0.00002558,0
3582,3611,▁कालेज,141,0.00002540,0
3583,3580,▁शीत,141,0.00002540,0
3584,3653,▁धूम,140,0.00002522,0
3585,3835,▁लापरवाही,140,0.00002522,0
3586,3778,▁रकम,140,0.00002522,0
3587,3898,▁पुण्य,140,0.00002522,0
3588,3825,▁राजपूत,140,0.00002522,0
3589,3837,ist,140,0.00002522,0
3590,3776,▁मैनेजमेंट,139,0.00002504,0
3591,3759,▁यूनिट,139,0.00002504,0
3592,3853,▁बचपन,139,0.00002504,0
3593,3809,▁आत्महत्या,139,0.00002504,0
3594,3656,प्रीत,139,0.00002504,0
3595,3732,▁महात्मा,139,0.00002504,0
3596,3864,▁आरंभ,139,0.00002504,0
3597,3651,एसआई,138,0.00002486,0
3598,3915,▁विटामिन,138,0.00002486,0
3599,3847,▁अस्तित्व,137,0.00002468,0
3600,3878,▁समझौता,137,0.00002468,0
3601,3744,▁यूरोपीय,137,0.00002468,0
3602,3761,▁धरती,136,0.00002450,0
3603,3833,योजक,136,0.00002450,0
3604,3866,▁मिसाइल,136,0.00002450,0
3605,3849,▁कर्तव्य,135,0.00002432,0
3606,3914,▁हस्ताक्षर,135,0.00002432,0
3607,3884,▁उत्सव,134,0.00002414,0
3608,3876,▁विस्फोट,134,0.00002414,0
3609,3852,▁अध्याय,133,0.00002396,0
3610,3911,▁बुनियादी,133,0.00002396,0
3611,3762,ुद्दीन,133,0.00002396,0
3612,3897,▁तुम्हारी,133,0.00002396,0
3613,3909,▁चपेट,132,0.00002378,0
3614,3856,िंदर,131,0.00002360,0
3615,3894,▁चंडीगढ़,131,0.00002360,0
3616,3881,▁उद्यम,131,0.00002360,0
3617,3907,▁विद्रोह,131,0.00002360,0
3618,3903,▁कच्चे,130,0.00002342,0
3619,3859,▁तालाब,130,0.00002342,0
3620,3647,▁स्वर्ग,130,0.00002342,0
3621,3858,▁कागज,130,0.00002342,0
3622,3691,▁उत्कृष्ट,130,0.00002342,0
3623,3758,▁निम्न,130,0.00002342,0
3624,3845,▁भीषण,129,0.00002324,0
3625,3632,▁गणेश,129,0.00002324,0
3626,3793,▁संभावित,128,0.00002306,0
3627,3740,ांश,128,0.00002306,0
3628,3547,▁इंडेक्स,127,0.00002288,0
3629,3743,▁ग्रीन,127,0.00002288,0
3630,3843,▁अत्यधिक,127,0.00002288,0
3631,3815,▁बनर्जी,127,0.00002288,0
3632,3889,▁शिल्प,127,0.00002288,0
3633,3811,▁यातायात,126,0.00002270,0
3634,3877,▁सेल्सियस,126,0.00002270,0
3635,3919,▁निर्मल,125,0.00002252,0
3636,3784,▁पुराना,125,0.00002252,0
3637,3924,•,125,0.00002252,0
3638,3827,छात्राओं,125,0.00002252,0
3639,178,<0xAE>,125,0.00002252,1
3640,3834,▁निम्नलिखित,124,0.00002234,0
3641,3694,▁गेहूं,124,0.00002234,0
3642,3902,▁कैबिनेट,124,0.00002234,0
3643,3692,▁अनुवाद,124,0.00002234,0
3644,3917,पंथ,123,0.00002216,0
3645,2734,्‍,123,0.00002216,0
3646,3912,▁छुट्टी,122,0.00002198,0
3647,3922,ळ,121,0.00002180,0
3648,3820,▁आदित्यनाथ,121,0.00002180,0
3649,3879,हाइड्र,120,0.00002162,0
3650,3828,▁ख़बर,120,0.00002162,0
3651,3848,▁रमेश,119,0.00002144,0
3652,3904,श्रुत,119,0.00002144,0
3653,3697,▁चर्च,118,0.00002126,0
3654,3807,▁पैमाने,118,0.00002126,0
3655,3855,▁शपथ,117,0.00002108,0
3656,3678,▁संशोधन,117,0.00002108,0
3657,3798,▁अफगानिस्तान,116,0.00002090,0
3658,3882,▁ड्यूटी,116,0.00002090,0
3659,3533,▁परमाणु,116,0.00002090,0
3660,3918,▁मछली,115,0.00002072,0
3661,3790,▁वाक्य,115,0.00002072,0
3662,3929,م,115,0.00002072,0
3663,3891,▁लंदन,114,0.00002054,0
3664,3455,▁उपन्यास,114,0.00002054,0
3665,3851,▁विनोद,111,0.00002000,0
3666,3425,▁निफ्टी,110,0.00001982,0
3667,3734,▁अक्षर,110,0.00001982,0
3668,3850,▁कंप्यूटर,110,0.00001982,0
3669,3921,Q,109,0.00001964,0
3670,132,<0x80>,108,0.00001946,1
3671,3977,ञ,108,0.00001946,0
3672,3880,▁आतंकी,105,0.00001892,0
3673,223,<0xDB>,105,0.00001892,1
3674,3910,▁श्रीवास्तव,104,0.00001874,0
3675,3939,ر,104,0.00001874,0
3676,3802,▁झील,102,0.00001838,0
3677,170,<0xA6>,100,0.00001802,1
3678,3926,о,97,0.00001747,0
3679,3925,#,95,0.00001711,0
3680,144,<0x8C>,94,0.00001693,1
3681,3932,و,93,0.00001675,0
3682,3933,ي,91,0.00001639,0
3683,212,<0xD0>,88,0.00001585,1
3684,3928,q,87,0.00001567,0
3685,3971,‘,86,0.00001549,0
3686,180,<0xB0>,84,0.00001513,1
3687,133,<0x81>,81,0.00001459,1
3688,3942,ه,80,0.00001441,0
3689,221,<0xD9>,78,0.00001405,1
3690,3956,ع,76,0.00001369,0
3691,2316,▁स्टोरीज,75,0.00001351,0
3692,3945,ب,75,0.00001351,0
3693,230,<0xE2>,73,0.00001315,1
3694,169,<0xA5>,68,0.00001225,1
3695,3947,ऩ,66,0.00001189,0
3696,3957,‌,62,0.00001117,0
3697,182,<0xB2>,60,0.00001081,1
3698,179,<0xAF>,60,0.00001081,1
3699,3934,а,58,0.00001045,0
3700,3936,е,58,0.00001045,0
3701,3951,ऱ,57,0.00001027,0
3702,231,<0xE3>,57,0.00001027,1
3703,222,<0xDA>,57,0.00001027,1
3704,3960,[,56,0.00001009,0
3705,173,<0xA9>,55,0.00000991,1
3706,198,<0xC2>,55,0.00000991,1
3707,3944,>,53,0.00000955,0
3708,184,<0xB4>,53,0.00000955,1
3709,3931,и,53,0.00000955,0
3710,3966,س,52,0.00000937,0
3711,3949,ॐ,51,0.00000919,0
3712,3938,н,51,0.00000919,0
3713,3963,د,50,0.00000901,0
3714,213,<0xD1>,49,0.00000883,1
3715,181,<0xB1>,47,0.00000847,1
3716,3959,ت,47,0.00000847,0
3717,199,<0xC3>,46,0.00000829,1
3718,3948,т,46,0.00000829,0
3719,3952,~,44,0.00000793,0
3720,172,<0xA8>,44,0.00000793,1
3721,145,<0x8D>,44,0.00000793,1
3722,3984,ح,44,0.00000793,0
3723,3981,أ,44,0.00000793,0
3724,3943,`,43,0.00000775,0
3725,150,<0x92>,43,0.00000775,1
3726,185,<0xB5>,41,0.00000739,1
3727,3969,ف,41,0.00000739,0
3728,3973,ق,40,0.00000721,0
3729,163,<0x9F>,39,0.00000703,1
3730,194,<0xBE>,39,0.00000703,1
3731,134,<0x82>,36,0.00000649,1
3732,3937,…,36,0.00000649,0
3733,195,<0xBF>,35,0.00000631,1
3734,210,<0xCE>,35,0.00000631,1
3735,153,<0x95>,34,0.00000613,1
3736,3941,с,34,0.00000613,0
3737,3940,॒,33,0.00000595,0
3738,3968,ऍ,32,0.00000576,0
3739,186,<0xB6>,32,0.00000576,1
3740,3965,},31,0.00000558,0
3741,138,<0x86>,31,0.00000558,1
3742,3946,р,31,0.00000558,0
3743,190,<0xBA>,31,0.00000558,1
3744,3962,&,30,0.00000540,0
3745,3950,॑,30,0.00000540,0
3746,175,<0xAB>,30,0.00000540,1
3747,187,<0xB7>,30,0.00000540,1
3748,3978,<,30,0.00000540,0
3749,171,<0xA7>,29,0.00000522,1
3750,158,<0x9A>,29,0.00000522,1
3751,3970,ك,29,0.00000522,0
3752,168,<0xA4>,28,0.00000504,1
3753,140,<0x88>,27,0.00000486,1
3754,141,<0x89>,27,0.00000486,1
3755,3958,л,27,0.00000486,0
3756,183,<0xB3>,26,0.00000468,1
3757,200,<0xC4>,26,0.00000468,1
3758,3961,к,26,0.00000468,0
3759,3953,в,25,0.00000450,0
3760,165,<0xA1>,24,0.00000432,1
3761,192,<0xBC>,24,0.00000432,1
3762,3999,₹,23,0.00000414,0
3763,136,<0x84>,23,0.00000414,1
3764,176,<0xAC>,22,0.00000396,1
3765,137,<0x85>,22,0.00000396,1
3766,164,<0xA0>,22,0.00000396,1
3767,3980,·,21,0.00000378,0
3768,193,<0xBD>,21,0.00000378,1
3769,3979,я,21,0.00000378,0
3770,135,<0x83>,20,0.00000360,1
3771,3954,‍,20,0.00000360,0
3772,3955,ङ,19,0.00000342,0
3773,143,<0x8B>,19,0.00000342,1
3774,3994,ج,19,0.00000342,0
3775,3974,д,19,0.00000342,0
3776,139,<0x87>,18,0.00000324,1
3777,167,<0xA3>,18,0.00000324,1
3778,188,<0xB8>,17,0.00000306,1
3779,152,<0x94>,17,0.00000306,1
3780,189,<0xB9>,17,0.00000306,1
3781,3976,●,16,0.00000288,0
3782,3967,\,16,0.00000288,0
3783,166,<0xA2>,16,0.00000288,1
3784,146,<0x8E>,16,0.00000288,1
3785,243,<0xEF>,15,0.00000270,1
3786,234,<0xE6>,15,0.00000270,1
3787,3972,м,15,0.00000270,0
3788,3992,×,14,0.00000252,0
3789,3995,й,14,0.00000252,0
3790,160,<0x9C>,14,0.00000252,1
3791,191,<0xBB>,13,0.00000234,1
3792,174,<0xAA>,13,0.00000234,1
3793,3982,п,13,0.00000234,0
3794,3988,ы,13,0.00000234,0
3795,98,<0x5E>,12,0.00000216,1
3796,244,<0xF0>,12,0.00000216,1
3797,3975,у,12,0.00000216,0
3798,3983,ı,12,0.00000216,0
3799,3986,া,11,0.00000198,0
3800,233,<0xE5>,11,0.00000198,1
3801,149,<0x91>,10,0.00000180,1
3802,201,<0xC5>,10,0.00000180,1
3803,3997,з,10,0.00000180,0
3804,155,<0x97>,10,0.00000180,1
3805,3996,్,9,0.00000162,0
3806,3990,{,8,0.00000144,0
3807,151,<0x93>,7,0.00000126,1
3808,142,<0x8A>,7,0.00000126,1
3809,161,<0x9D>,7,0.00000126,1
3810,229,<0xE1>,7,0.00000126,1
3811,3991,ة,7,0.00000126,0
3812,157,<0x99>,6,0.00000108,1
3813,148,<0x90>,6,0.00000108,1
3814,211,<0xCF>,6,0.00000108,1
3815,147,<0x8F>,5,0.00000090,1
3816,156,<0x98>,5,0.00000090,1
3817,232,<0xE4>,5,0.00000090,1
3818,208,<0xCC>,4,0.00000072,1
3819,159,<0x9B>,4,0.00000072,1
3820,177,<0xAD>,4,0.00000072,1
3821,235,<0xE7>,4,0.00000072,1
3822,237,<0xE9>,4,0.00000072,1
3823,205,<0xC9>,4,0.00000072,1
3824,154,<0x96>,3,0.00000054,1
3825,215,<0xD3>,3,0.00000054,1
3826,207,<0xCB>,3,0.00000054,1
3827,162,<0x9E>,2,0.00000036,1
3828,241,<0xED>,1,0.00000018,1
3829,214,<0xD2>,1,0.00000018,1
3830,236,<0xE8>,1,0.00000018,1
